{"あ":{"start":0,"end":0.19510204081632654},"い":{"start":1.05,"end":1.344512471655329},"う":{"start":2.1,"end":2.3887301587301586},"え":{"start":3.15,"end":3.41875283446712},"お":{"start":4.199999999999999,"end":4.456553287981858},"か":{"start":5.249999999999999,"end":5.534807256235827},"が":{"start":6.299999999999999,"end":6.608979591836734},"き":{"start":7.35,"end":7.729818594104308},"ぎ":{"start":8.399999999999999,"end":8.78328798185941},"く":{"start":9.45,"end":9.715351473922901},"ぐ":{"start":10.499999999999998,"end":10.873809523809522},"け":{"start":11.549999999999997,"end":11.839047619047616},"げ":{"start":12.599999999999996,"end":12.976802721088431},"こ":{"start":13.649999999999995,"end":13.93587301587301},"ご":{"start":14.699999999999994,"end":15.03539682539682},"さ":{"start":15.749999999999995,"end":16.091269841269835},"ざ":{"start":16.799999999999994,"end":17.09866213151927},"し":{"start":17.849999999999994,"end":18.32555555555555},"じ":{"start":18.899999999999995,"end":19.328752834467114},"す":{"start":19.949999999999992,"end":20.451111111111103},"ず":{"start":20.999999999999993,"end":21.36650793650793},"せ":{"start":22.049999999999994,"end":22.388253968253963},"ぜ":{"start":23.099999999999994,"end":23.463174603174597},"そ":{"start":24.149999999999995,"end":24.45290249433106},"ぞ":{"start":25.199999999999992,"end":25.500816326530604},"た":{"start":26.249999999999993,"end":26.529977324263033},"だ":{"start":27.299999999999994,"end":27.634285714285706},"ち":{"start":28.34999999999999,"end":28.734240362811782},"つ":{"start":29.39999999999999,"end":29.77231292517006},"て":{"start":30.449999999999992,"end":30.723673469387748},"で":{"start":31.499999999999993,"end":31.85528344671201},"と":{"start":32.54999999999999,"end":32.77707482993196},"ど":{"start":33.59999999999999,"end":33.858027210884345},"な":{"start":34.64999999999999,"end":34.98015873015872},"に":{"start":35.69999999999999,"end":36.022970521541936},"ぬ":{"start":36.749999999999986,"end":37.10555555555554},"ね":{"start":37.79999999999998,"end":38.142358276643975},"の":{"start":38.84999999999999,"end":39.14696145124715},"は":{"start":39.899999999999984,"end":40.17947845804987},"ば":{"start":40.94999999999998,"end":41.219024943310636},"ぱ":{"start":41.99999999999998,"end":42.23301587301585},"ひ":{"start":43.049999999999976,"end":43.409659863945556},"び":{"start":44.09999999999998,"end":44.42331065759635},"ぴ":{"start":45.149999999999984,"end":45.40859410430838},"ふ":{"start":46.19999999999999,"end":46.50936507936507},"ぶ":{"start":47.249999999999986,"end":47.59841269841269},"ぷ":{"start":48.29999999999999,"end":48.566167800453506},"へ":{"start":49.349999999999994,"end":49.65054421768707},"べ":{"start":50.4,"end":50.69975056689342},"ぺ":{"start":51.449999999999996,"end":51.70825396825396},"ほ":{"start":52.49999999999999,"end":52.801882086167794},"ぼ":{"start":53.54999999999999,"end":53.81521541950112},"ぽ":{"start":54.59999999999999,"end":54.84349206349205},"ま":{"start":55.649999999999984,"end":55.939070294784564},"み":{"start":56.69999999999998,"end":57.02786848072561},"む":{"start":57.749999999999986,"end":58.06222222222221},"め":{"start":58.79999999999999,"end":59.0848752834467},"も":{"start":59.84999999999999,"end":60.15455782312924},"や":{"start":60.899999999999984,"end":61.1924036281179},"ゆ":{"start":61.94999999999999,"end":62.296757369614504},"よ":{"start":62.99999999999999,"end":63.33342403628117},"ら":{"start":64.05,"end":64.34716553287981},"り":{"start":65.1,"end":65.46260770975056},"る":{"start":66.14999999999999,"end":66.47968253968253},"れ":{"start":67.19999999999999,"end":67.51179138321994},"ろ":{"start":68.24999999999999,"end":68.52929705215418},"わ":{"start":69.29999999999998,"end":69.58566893424035},"ん":{"start":70.34999999999998,"end":70.66417233560088},"きゃ":{"start":71.39999999999998,"end":71.70020408163263},"きゅ":{"start":72.44999999999997,"end":72.79387755102039},"きょ":{"start":73.49999999999997,"end":73.75503401360541},"ぎゃ":{"start":74.54999999999997,"end":74.82718820861675},"ぎゅ":{"start":75.59999999999997,"end":75.96460317460314},"ぎょ":{"start":76.64999999999996,"end":76.93120181405892},"しゃ":{"start":77.69999999999996,"end":78.0480952380952},"しゅ":{"start":78.74999999999996,"end":79.20086167800449},"しょ":{"start":79.79999999999995,"end":80.15580498866208},"じゃ":{"start":80.84999999999995,"end":81.22201814058953},"じゅ":{"start":81.89999999999996,"end":82.23517006802717},"じょ":{"start":82.94999999999996,"end":83.2595691609977},"ちゃ":{"start":83.99999999999997,"end":84.23907029478455},"ちゅ":{"start":85.04999999999997,"end":85.34340136054419},"ちょ":{"start":86.09999999999998,"end":86.35582766439907},"にゃ":{"start":87.14999999999998,"end":87.46573696145123},"にゅ":{"start":88.19999999999997,"end":88.54984126984124},"にょ":{"start":89.24999999999997,"end":89.58841269841267},"ひゃ":{"start":90.29999999999997,"end":90.6419274376417},"ひゅ":{"start":91.34999999999998,"end":91.71941043083898},"ひょ":{"start":92.39999999999998,"end":92.76176870748297},"びゃ":{"start":93.44999999999997,"end":93.76514739229022},"びゅ":{"start":94.49999999999997,"end":94.83052154195009},"びょ":{"start":95.54999999999998,"end":95.85843537414964},"ぴゃ":{"start":96.59999999999998,"end":96.88054421768706},"ぴゅ":{"start":97.64999999999999,"end":97.92931972789115},"ぴょ":{"start":98.7,"end":98.90371882086168},"みゃ":{"start":99.75,"end":100.06444444444445},"みゅ":{"start":100.8,"end":101.12977324263038},"みょ":{"start":101.85,"end":102.15766439909297},"りゃ":{"start":102.89999999999999,"end":103.14979591836733},"りゅ":{"start":103.94999999999999,"end":104.30043083900226},"りょ":{"start":104.99999999999999,"end":105.49999999999999}}