{
  "あ": {
    "start": 0,
    "end": 0.16516666666666666
  },
  "い": {
    "start": 0.21516666666666667,
    "end": 0.4389375
  },
  "う": {
    "start": 0.4889375,
    "end": 0.7168125
  },
  "え": {
    "start": 0.7668125,
    "end": 1.006125
  },
  "お": {
    "start": 1.056125,
    "end": 1.2726875
  },
  "か": {
    "start": 1.3226875,
    "end": 1.583625
  },
  "が": {
    "start": 1.633625,
    "end": 1.9065208333333334
  },
  "き": {
    "start": 1.9565208333333333,
    "end": 2.2592291666666666
  },
  "ぎ": {
    "start": 2.309229166666667,
    "end": 2.5758958333333335
  },
  "く": {
    "start": 2.6258958333333333,
    "end": 2.8460833333333335
  },
  "ぐ": {
    "start": 2.8960833333333333,
    "end": 3.2306458333333334
  },
  "け": {
    "start": 3.2806458333333333,
    "end": 3.5292291666666666
  },
  "げ": {
    "start": 3.5792291666666665,
    "end": 3.859541666666667
  },
  "こ": {
    "start": 3.9095416666666667,
    "end": 4.156520833333333
  },
  "ご": {
    "start": 4.206520833333333,
    "end": 4.448666666666667
  },
  "さ": {
    "start": 4.498666666666667,
    "end": 4.764645833333334
  },
  "ざ": {
    "start": 4.8146458333333335,
    "end": 5.076645833333333
  },
  "し": {
    "start": 5.126645833333333,
    "end": 5.5055
  },
  "じ": {
    "start": 5.5555,
    "end": 5.8064375
  },
  "す": {
    "start": 5.8564375,
    "end": 6.2056875
  },
  "ず": {
    "start": 6.2556875,
    "end": 6.574666666666666
  },
  "せ": {
    "start": 6.624666666666666,
    "end": 6.910895833333333
  },
  "ぜ": {
    "start": 6.960895833333334,
    "end": 7.2349375
  },
  "そ": {
    "start": 7.2849375,
    "end": 7.455291666666667
  },
  "ぞ": {
    "start": 7.5052916666666665,
    "end": 7.7707291666666665
  },
  "た": {
    "start": 7.820729166666666,
    "end": 8.065958333333333
  },
  "だ": {
    "start": 8.115958333333333,
    "end": 8.365875
  },
  "ち": {
    "start": 8.415875,
    "end": 8.676083333333333
  },
  "つ": {
    "start": 8.726083333333333,
    "end": 8.978604166666667
  },
  "て": {
    "start": 9.028604166666666,
    "end": 9.253145833333333
  },
  "で": {
    "start": 9.303145833333334,
    "end": 9.592083333333333
  },
  "と": {
    "start": 9.642083333333334,
    "end": 9.833625
  },
  "ど": {
    "start": 9.883625,
    "end": 10.102604166666667
  },
  "な": {
    "start": 10.152604166666666,
    "end": 10.4035
  },
  "に": {
    "start": 10.4535,
    "end": 10.714979166666666
  },
  "ぬ": {
    "start": 10.764979166666667,
    "end": 11.054458333333333
  },
  "ね": {
    "start": 11.104458333333334,
    "end": 11.393645833333334
  },
  "の": {
    "start": 11.443645833333333,
    "end": 11.701354166666667
  },
  "は": {
    "start": 11.751354166666667,
    "end": 11.997958333333333
  },
  "ば": {
    "start": 12.047958333333334,
    "end": 12.288895833333333
  },
  "ぱ": {
    "start": 12.338895833333334,
    "end": 12.538645833333334
  },
  "ひ": {
    "start": 12.588645833333333,
    "end": 12.8611875
  },
  "び": {
    "start": 12.9111875,
    "end": 13.167395833333334
  },
  "ぴ": {
    "start": 13.217395833333333,
    "end": 13.4480625
  },
  "ふ": {
    "start": 13.4980625,
    "end": 13.75475
  },
  "ぶ": {
    "start": 13.80475,
    "end": 14.091395833333333
  },
  "ぷ": {
    "start": 14.141395833333334,
    "end": 14.366479166666666
  },
  "へ": {
    "start": 14.416479166666667,
    "end": 14.630520833333334
  },
  "べ": {
    "start": 14.680520833333333,
    "end": 14.938291666666666
  },
  "ぺ": {
    "start": 14.988291666666667,
    "end": 15.209479166666666
  },
  "ほ": {
    "start": 15.259479166666667,
    "end": 15.4675
  },
  "ぼ": {
    "start": 15.5175,
    "end": 15.733791666666667
  },
  "ぽ": {
    "start": 15.783791666666668,
    "end": 15.981916666666667
  },
  "ま": {
    "start": 16.031916666666667,
    "end": 16.285416666666666
  },
  "み": {
    "start": 16.335416666666667,
    "end": 16.586791666666667
  },
  "む": {
    "start": 16.636791666666667,
    "end": 16.888770833333332
  },
  "め": {
    "start": 16.938770833333333,
    "end": 17.183833333333332
  },
  "も": {
    "start": 17.233833333333333,
    "end": 17.453291666666665
  },
  "や": {
    "start": 17.503291666666666,
    "end": 17.7743125
  },
  "ゆ": {
    "start": 17.8243125,
    "end": 18.1275625
  },
  "よ": {
    "start": 18.1775625,
    "end": 18.461666666666666
  },
  "ら": {
    "start": 18.511666666666667,
    "end": 18.784145833333334
  },
  "り": {
    "start": 18.834145833333334,
    "end": 19.131666666666668
  },
  "る": {
    "start": 19.18166666666667,
    "end": 19.448083333333333
  },
  "れ": {
    "start": 19.498083333333334,
    "end": 19.712583333333335
  },
  "ろ": {
    "start": 19.762583333333332,
    "end": 20.00958333333333
  },
  "わ": {
    "start": 20.059583333333332,
    "end": 20.272833333333335
  },
  "ん": {
    "start": 20.32283333333333,
    "end": 20.548833333333334
  },
  "きゃ": {
    "start": 20.598833333333335,
    "end": 20.764666666666667
  },
  "きゅ": {
    "start": 20.814666666666668,
    "end": 21.035708333333332
  },
  "きょ": {
    "start": 21.085708333333333,
    "end": 21.2933125
  },
  "ぎゃ": {
    "start": 21.3433125,
    "end": 21.58491666666667
  },
  "ぎゅ": {
    "start": 21.634916666666665,
    "end": 21.942708333333332
  },
  "ぎょ": {
    "start": 21.992708333333333,
    "end": 22.230333333333334
  },
  "しゃ": {
    "start": 22.280333333333335,
    "end": 22.552604166666665
  },
  "しゅ": {
    "start": 22.602604166666666,
    "end": 22.943645833333335
  },
  "しょ": {
    "start": 22.993645833333332,
    "end": 23.261083333333332
  },
  "じゃ": {
    "start": 23.311083333333332,
    "end": 23.57208333333333
  },
  "じゅ": {
    "start": 23.622083333333332,
    "end": 23.887125
  },
  "じょ": {
    "start": 23.937125,
    "end": 24.1499375
  },
  "ちゃ": {
    "start": 24.1999375,
    "end": 24.403833333333335
  },
  "ちゅ": {
    "start": 24.453833333333332,
    "end": 24.6746875
  },
  "ちょ": {
    "start": 24.7246875,
    "end": 24.927979166666667
  },
  "にゃ": {
    "start": 24.977979166666668,
    "end": 25.2550625
  },
  "にゅ": {
    "start": 25.3050625,
    "end": 25.595020833333333
  },
  "にょ": {
    "start": 25.645020833333334,
    "end": 25.9279375
  },
  "ひゃ": {
    "start": 25.9779375,
    "end": 26.185104166666665
  },
  "ひゅ": {
    "start": 26.235104166666666,
    "end": 26.5029375
  },
  "ひょ": {
    "start": 26.5529375,
    "end": 26.713979166666668
  },
  "びゃ": {
    "start": 26.763979166666665,
    "end": 27.049458333333334
  },
  "びゅ": {
    "start": 27.099458333333335,
    "end": 27.333729166666668
  },
  "びょ": {
    "start": 27.383729166666665,
    "end": 27.6414375
  },
  "ぴゃ": {
    "start": 27.6914375,
    "end": 27.939958333333333
  },
  "ぴゅ": {
    "start": 27.989958333333334,
    "end": 28.21225
  },
  "ぴょ": {
    "start": 28.26225,
    "end": 28.433583333333335
  },
  "みゃ": {
    "start": 28.483583333333332,
    "end": 28.764145833333334
  },
  "みゅ": {
    "start": 28.814145833333335,
    "end": 29.070625
  },
  "みょ": {
    "start": 29.120625,
    "end": 29.377541666666666
  },
  "りゃ": {
    "start": 29.427541666666666,
    "end": 29.657770833333334
  },
  "りゅ": {
    "start": 29.707770833333335,
    "end": 29.9926875
  },
  "りょ": {
    "start": 30.0426875,
    "end": 30.28302083333333
  }
}