{
  "あ": {
    "start": 0,
    "end": 0.1820625
  },
  "い": {
    "start": 0.2320625,
    "end": 0.46610416666666665
  },
  "う": {
    "start": 0.5161041666666667,
    "end": 0.7570625
  },
  "え": {
    "start": 0.8070625,
    "end": 1.0460208333333334
  },
  "お": {
    "start": 1.0960208333333334,
    "end": 1.3242916666666666
  },
  "か": {
    "start": 1.3742916666666667,
    "end": 1.5976041666666667
  },
  "が": {
    "start": 1.6476041666666668,
    "end": 1.8471875
  },
  "き": {
    "start": 1.8971875,
    "end": 2.1584583333333334
  },
  "ぎ": {
    "start": 2.208458333333333,
    "end": 2.4826875
  },
  "く": {
    "start": 2.5326875,
    "end": 2.7823333333333333
  },
  "ぐ": {
    "start": 2.832333333333333,
    "end": 3.0573125
  },
  "け": {
    "start": 3.1073125,
    "end": 3.3678541666666666
  },
  "げ": {
    "start": 3.417854166666667,
    "end": 3.6107708333333335
  },
  "こ": {
    "start": 3.6607708333333333,
    "end": 3.889291666666667
  },
  "ご": {
    "start": 3.9392916666666666,
    "end": 4.1269583333333335
  },
  "さ": {
    "start": 4.176958333333333,
    "end": 4.48375
  },
  "ざ": {
    "start": 4.53375,
    "end": 4.7774375
  },
  "し": {
    "start": 4.8274375,
    "end": 5.1830625
  },
  "じ": {
    "start": 5.2330625,
    "end": 5.568270833333333
  },
  "す": {
    "start": 5.618270833333334,
    "end": 5.9464375
  },
  "ず": {
    "start": 5.9964375,
    "end": 6.336270833333334
  },
  "せ": {
    "start": 6.386270833333334,
    "end": 6.7729791666666666
  },
  "ぜ": {
    "start": 6.822979166666666,
    "end": 7.111875
  },
  "そ": {
    "start": 7.161875,
    "end": 7.485645833333334
  },
  "ぞ": {
    "start": 7.535645833333334,
    "end": 7.7516875
  },
  "た": {
    "start": 7.8016875,
    "end": 8.0499375
  },
  "だ": {
    "start": 8.0999375,
    "end": 8.339395833333333
  },
  "ち": {
    "start": 8.389395833333333,
    "end": 8.7325
  },
  "つ": {
    "start": 8.7825,
    "end": 9.027104166666666
  },
  "て": {
    "start": 9.077104166666667,
    "end": 9.285291666666666
  },
  "で": {
    "start": 9.335291666666667,
    "end": 9.577708333333334
  },
  "と": {
    "start": 9.627708333333333,
    "end": 9.834395833333334
  },
  "ど": {
    "start": 9.884395833333333,
    "end": 10.172770833333333
  },
  "な": {
    "start": 10.222770833333334,
    "end": 10.474583333333333
  },
  "に": {
    "start": 10.524583333333334,
    "end": 10.849833333333333
  },
  "ぬ": {
    "start": 10.899833333333333,
    "end": 11.218354166666666
  },
  "ね": {
    "start": 11.268354166666667,
    "end": 11.537020833333333
  },
  "の": {
    "start": 11.587020833333334,
    "end": 11.807145833333333
  },
  "は": {
    "start": 11.857145833333334,
    "end": 12.0785625
  },
  "ば": {
    "start": 12.1285625,
    "end": 12.395041666666666
  },
  "ぱ": {
    "start": 12.445041666666667,
    "end": 12.681958333333334
  },
  "ひ": {
    "start": 12.731958333333333,
    "end": 13.103895833333333
  },
  "び": {
    "start": 13.153895833333333,
    "end": 13.412583333333334
  },
  "ぴ": {
    "start": 13.462583333333333,
    "end": 13.7384375
  },
  "ふ": {
    "start": 13.7884375,
    "end": 14.082291666666666
  },
  "ぶ": {
    "start": 14.132291666666667,
    "end": 14.396145833333334
  },
  "ぷ": {
    "start": 14.446145833333333,
    "end": 14.708645833333334
  },
  "へ": {
    "start": 14.758645833333333,
    "end": 14.9731875
  },
  "べ": {
    "start": 15.0231875,
    "end": 15.302479166666666
  },
  "ぺ": {
    "start": 15.352479166666667,
    "end": 15.5785625
  },
  "ほ": {
    "start": 15.6285625,
    "end": 15.874708333333333
  },
  "ぼ": {
    "start": 15.924708333333333,
    "end": 16.142666666666667
  },
  "ぽ": {
    "start": 16.192666666666668,
    "end": 16.397520833333335
  },
  "ま": {
    "start": 16.447520833333332,
    "end": 16.750166666666665
  },
  "み": {
    "start": 16.800166666666666,
    "end": 17.1538125
  },
  "む": {
    "start": 17.2038125,
    "end": 17.572
  },
  "め": {
    "start": 17.622,
    "end": 17.912583333333334
  },
  "も": {
    "start": 17.962583333333335,
    "end": 18.258229166666666
  },
  "や": {
    "start": 18.308229166666667,
    "end": 18.62875
  },
  "ゆ": {
    "start": 18.67875,
    "end": 18.97925
  },
  "よ": {
    "start": 19.02925,
    "end": 19.3284375
  },
  "ら": {
    "start": 19.3784375,
    "end": 19.714354166666666
  },
  "り": {
    "start": 19.764354166666667,
    "end": 20.102854166666667
  },
  "る": {
    "start": 20.152854166666668,
    "end": 20.466125
  },
  "れ": {
    "start": 20.516125,
    "end": 20.786520833333334
  },
  "ろ": {
    "start": 20.836520833333335,
    "end": 21.11039583333333
  },
  "わ": {
    "start": 21.160395833333332,
    "end": 21.459083333333332
  },
  "ん": {
    "start": 21.509083333333333,
    "end": 21.747604166666665
  },
  "きゃ": {
    "start": 21.797604166666666,
    "end": 22.099625
  },
  "きゅ": {
    "start": 22.149625,
    "end": 22.452666666666666
  },
  "きょ": {
    "start": 22.502666666666666,
    "end": 22.764416666666666
  },
  "ぎゃ": {
    "start": 22.814416666666666,
    "end": 23.08064583333333
  },
  "ぎゅ": {
    "start": 23.130645833333332,
    "end": 23.4433125
  },
  "ぎょ": {
    "start": 23.4933125,
    "end": 23.771708333333333
  },
  "しゃ": {
    "start": 23.821708333333333,
    "end": 24.3055
  },
  "しゅ": {
    "start": 24.3555,
    "end": 24.794729166666666
  },
  "しょ": {
    "start": 24.844729166666667,
    "end": 25.204333333333334
  },
  "じゃ": {
    "start": 25.254333333333335,
    "end": 25.577520833333335
  },
  "じゅ": {
    "start": 25.62752083333333,
    "end": 26.007645833333335
  },
  "じょ": {
    "start": 26.057645833333332,
    "end": 26.3630625
  },
  "ちゃ": {
    "start": 26.4130625,
    "end": 26.729541666666666
  },
  "ちゅ": {
    "start": 26.779541666666667,
    "end": 27.11616666666667
  },
  "ちょ": {
    "start": 27.166166666666665,
    "end": 27.450958333333332
  },
  "にゃ": {
    "start": 27.500958333333333,
    "end": 27.855666666666668
  },
  "にゅ": {
    "start": 27.905666666666665,
    "end": 28.266604166666667
  },
  "にょ": {
    "start": 28.316604166666668,
    "end": 28.637104166666667
  },
  "ひゃ": {
    "start": 28.687104166666668,
    "end": 28.973979166666666
  },
  "ひゅ": {
    "start": 29.023979166666667,
    "end": 29.407625
  },
  "ひょ": {
    "start": 29.457625,
    "end": 29.711583333333333
  },
  "びゃ": {
    "start": 29.761583333333334,
    "end": 30.051166666666667
  },
  "びゅ": {
    "start": 30.101166666666668,
    "end": 30.417291666666667
  },
  "びょ": {
    "start": 30.467291666666668,
    "end": 30.755479166666667
  },
  "ぴゃ": {
    "start": 30.805479166666668,
    "end": 31.112479166666667
  },
  "ぴゅ": {
    "start": 31.162479166666667,
    "end": 31.497645833333333
  },
  "ぴょ": {
    "start": 31.547645833333334,
    "end": 31.8365
  },
  "みゃ": {
    "start": 31.8865,
    "end": 32.222791666666666
  },
  "みゅ": {
    "start": 32.27279166666667,
    "end": 32.630604166666664
  },
  "みょ": {
    "start": 32.68060416666667,
    "end": 32.974020833333334
  },
  "りゃ": {
    "start": 33.02402083333333,
    "end": 33.26327083333333
  },
  "りゅ": {
    "start": 33.313270833333334,
    "end": 33.60972916666667
  },
  "りょ": {
    "start": 33.659729166666665,
    "end": 33.912645833333336
  }
}