{"あ":{"start":0,"end":0.27666666666666667},"い":{"start":1.05,"end":1.55},"う":{"start":2.1,"end":2.5434920634920637},"え":{"start":3.1500000000000004,"end":3.4656689342403633},"お":{"start":4.2,"end":4.471541950113378},"か":{"start":5.25,"end":5.528480725623583},"が":{"start":6.3,"end":6.514195011337868},"き":{"start":7.35,"end":7.68501133786848},"ぎ":{"start":8.399999999999999,"end":8.698049886621314},"く":{"start":9.45,"end":9.78437641723356},"ぐ":{"start":10.5,"end":10.79984126984127},"け":{"start":11.55,"end":11.91310657596372},"げ":{"start":12.600000000000001,"end":12.874421768707485},"こ":{"start":13.650000000000002,"end":13.924761904761906},"ご":{"start":14.700000000000001,"end":14.965079365079367},"さ":{"start":15.750000000000002,"end":16.075646258503404},"ざ":{"start":16.800000000000004,"end":17.175782312925175},"し":{"start":17.850000000000005,"end":18.218548752834472},"じ":{"start":18.900000000000006,"end":19.368752834467127},"す":{"start":19.950000000000006,"end":20.2858276643991},"ず":{"start":21.000000000000007,"end":21.4330612244898},"せ":{"start":22.050000000000004,"end":22.518752834467126},"ぜ":{"start":23.100000000000005,"end":23.491088435374156},"そ":{"start":24.150000000000006,"end":24.621179138322002},"ぞ":{"start":25.200000000000006,"end":25.45133786848073},"た":{"start":26.250000000000007,"end":26.637482993197285},"だ":{"start":27.300000000000004,"end":27.625056689342408},"ち":{"start":28.350000000000005,"end":28.850000000000005},"つ":{"start":29.400000000000006,"end":29.751768707483},"て":{"start":30.450000000000006,"end":30.73519274376418},"で":{"start":31.500000000000007,"end":31.817188208616788},"と":{"start":32.550000000000004,"end":32.83444444444445},"ど":{"start":33.60000000000001,"end":33.968027210884365},"な":{"start":34.65000000000001,"end":34.982698412698426},"に":{"start":35.70000000000001,"end":36.07501133786849},"ぬ":{"start":36.75000000000001,"end":37.14489795918368},"ね":{"start":37.800000000000004,"end":38.133083900226765},"の":{"start":38.85000000000001,"end":39.14027210884355},"は":{"start":39.90000000000001,"end":40.25773242630387},"ば":{"start":40.95000000000001,"end":41.302539682539695},"ぱ":{"start":42.000000000000014,"end":42.28968253968255},"ひ":{"start":43.05000000000001,"end":43.5101814058957},"び":{"start":44.10000000000001,"end":44.438684807256244},"ぴ":{"start":45.150000000000006,"end":45.49469387755103},"ふ":{"start":46.20000000000001,"end":46.63260770975058},"ぶ":{"start":47.250000000000014,"end":47.57047619047621},"ぷ":{"start":48.30000000000002,"end":48.631632653061246},"へ":{"start":49.35000000000002,"end":49.68387755102043},"べ":{"start":50.40000000000002,"end":50.737868480725645},"ぺ":{"start":51.450000000000024,"end":51.71535147392293},"ほ":{"start":52.50000000000003,"end":52.849591836734724},"ぼ":{"start":53.55000000000003,"end":53.82882086167804},"ぽ":{"start":54.60000000000004,"end":54.88058956916103},"ま":{"start":55.650000000000034,"end":56.02646258503405},"み":{"start":56.70000000000003,"end":57.126167800453544},"む":{"start":57.75000000000003,"end":58.19494331065763},"め":{"start":58.80000000000003,"end":59.14505668934244},"も":{"start":59.85000000000004,"end":60.215124716553326},"や":{"start":60.90000000000004,"end":61.300181405895735},"ゆ":{"start":61.950000000000045,"end":62.333242630385534},"よ":{"start":63.00000000000005,"end":63.37689342403633},"ら":{"start":64.05000000000005,"end":64.47569160997737},"り":{"start":65.10000000000005,"end":65.52206349206354},"る":{"start":66.15000000000005,"end":66.53945578231297},"れ":{"start":67.20000000000005,"end":67.55478458049892},"ろ":{"start":68.25000000000006,"end":68.58712018140595},"わ":{"start":69.30000000000005,"end":69.68072562358282},"ん":{"start":70.35000000000005,"end":70.66929705215425},"きゃ":{"start":71.40000000000005,"end":71.80675736961456},"きゅ":{"start":72.45000000000005,"end":72.85342403628123},"きょ":{"start":73.50000000000004,"end":73.82151927437646},"ぎゃ":{"start":74.55000000000004,"end":74.93442176870752},"ぎゅ":{"start":75.60000000000004,"end":75.99170068027215},"ぎょ":{"start":76.65000000000003,"end":76.99092970521545},"しゃ":{"start":77.70000000000003,"end":78.26251700680275},"しゅ":{"start":78.75000000000003,"end":79.25000000000003},"しょ":{"start":79.80000000000003,"end":80.2334920634921},"じゃ":{"start":80.85000000000004,"end":81.26018140589572},"じゅ":{"start":81.90000000000003,"end":82.35521541950116},"じょ":{"start":82.95000000000003,"end":83.33049886621318},"ちゃ":{"start":84.00000000000003,"end":84.3941950113379},"ちゅ":{"start":85.05000000000003,"end":85.464126984127},"ちょ":{"start":86.10000000000002,"end":86.46507936507939},"にゃ":{"start":87.15000000000002,"end":87.57573696145127},"にゅ":{"start":88.20000000000002,"end":88.63240362811793},"にょ":{"start":89.25000000000001,"end":89.64743764172337},"ひゃ":{"start":90.30000000000001,"end":90.81326530612246},"ひゅ":{"start":91.35000000000001,"end":91.81848072562359},"ひょ":{"start":92.4,"end":92.78240362811792},"びゃ":{"start":93.45,"end":93.82605442176872},"びゅ":{"start":94.50000000000001,"end":94.89306122448981},"びょ":{"start":95.55000000000001,"end":95.90666666666668},"ぴゃ":{"start":96.60000000000001,"end":96.9710657596372},"ぴゅ":{"start":97.65,"end":98.05095238095238},"ぴょ":{"start":98.7,"end":99.06419501133787},"みゃ":{"start":99.75,"end":100.15263038548753},"みゅ":{"start":100.8,"end":101.17501133786848},"みょ":{"start":101.85000000000001,"end":102.21374149659864},"りゃ":{"start":102.9,"end":103.22913832199546},"りゅ":{"start":103.95,"end":104.31950113378686},"りょ":{"start":105.00000000000001,"end":105.33873015873017}}