{
  "あ": {
    "start": 0,
    "end": 0.23395833333333332
  },
  "い": {
    "start": 0.2839583333333333,
    "end": 0.494625
  },
  "う": {
    "start": 0.544625,
    "end": 0.775375
  },
  "え": {
    "start": 0.825375,
    "end": 1.0746458333333333
  },
  "お": {
    "start": 1.1246458333333333,
    "end": 1.3606458333333333
  },
  "か": {
    "start": 1.4106458333333334,
    "end": 1.68975
  },
  "が": {
    "start": 1.73975,
    "end": 1.9624791666666668
  },
  "き": {
    "start": 2.0124791666666666,
    "end": 2.2153541666666667
  },
  "ぎ": {
    "start": 2.2653541666666666,
    "end": 2.5007916666666667
  },
  "く": {
    "start": 2.5507916666666666,
    "end": 2.7883333333333336
  },
  "ぐ": {
    "start": 2.8383333333333334,
    "end": 3.0773958333333336
  },
  "け": {
    "start": 3.1273958333333334,
    "end": 3.3598958333333333
  },
  "げ": {
    "start": 3.409895833333333,
    "end": 3.6189583333333335
  },
  "こ": {
    "start": 3.6689583333333333,
    "end": 3.9228958333333335
  },
  "ご": {
    "start": 3.9728958333333333,
    "end": 4.2549166666666665
  },
  "さ": {
    "start": 4.304916666666666,
    "end": 4.636479166666667
  },
  "ざ": {
    "start": 4.6864791666666665,
    "end": 4.973291666666666
  },
  "し": {
    "start": 5.023291666666666,
    "end": 5.3790625
  },
  "じ": {
    "start": 5.4290625,
    "end": 5.707625
  },
  "す": {
    "start": 5.757625,
    "end": 6.119604166666667
  },
  "ず": {
    "start": 6.169604166666667,
    "end": 6.4472708333333335
  },
  "せ": {
    "start": 6.497270833333333,
    "end": 6.838208333333333
  },
  "ぜ": {
    "start": 6.888208333333333,
    "end": 7.184833333333334
  },
  "そ": {
    "start": 7.2348333333333334,
    "end": 7.573541666666666
  },
  "ぞ": {
    "start": 7.623541666666667,
    "end": 7.9241875
  },
  "た": {
    "start": 7.9741875,
    "end": 8.263979166666667
  },
  "だ": {
    "start": 8.313979166666666,
    "end": 8.554770833333333
  },
  "ち": {
    "start": 8.604770833333333,
    "end": 8.949
  },
  "つ": {
    "start": 8.999,
    "end": 9.3269375
  },
  "て": {
    "start": 9.3769375,
    "end": 9.637083333333333
  },
  "で": {
    "start": 9.687083333333334,
    "end": 9.926916666666667
  },
  "と": {
    "start": 9.976916666666666,
    "end": 10.239395833333333
  },
  "ど": {
    "start": 10.289395833333334,
    "end": 10.497520833333333
  },
  "な": {
    "start": 10.547520833333333,
    "end": 10.9215625
  },
  "に": {
    "start": 10.9715625,
    "end": 11.330166666666667
  },
  "ぬ": {
    "start": 11.380166666666666,
    "end": 11.722541666666666
  },
  "ね": {
    "start": 11.772541666666667,
    "end": 12.103416666666666
  },
  "の": {
    "start": 12.153416666666667,
    "end": 12.479541666666666
  },
  "は": {
    "start": 12.529541666666667,
    "end": 12.821520833333333
  },
  "ば": {
    "start": 12.871520833333333,
    "end": 13.1476875
  },
  "ぱ": {
    "start": 13.1976875,
    "end": 13.4925625
  },
  "ひ": {
    "start": 13.5425625,
    "end": 13.877145833333334
  },
  "び": {
    "start": 13.927145833333332,
    "end": 14.186958333333333
  },
  "ぴ": {
    "start": 14.236958333333334,
    "end": 14.445666666666666
  },
  "ふ": {
    "start": 14.495666666666667,
    "end": 14.826104166666667
  },
  "ぶ": {
    "start": 14.876104166666666,
    "end": 15.106625
  },
  "ぷ": {
    "start": 15.156625,
    "end": 15.388270833333333
  },
  "へ": {
    "start": 15.438270833333334,
    "end": 15.705604166666667
  },
  "べ": {
    "start": 15.755604166666666,
    "end": 16.020625
  },
  "ぺ": {
    "start": 16.070625,
    "end": 16.345916666666668
  },
  "ほ": {
    "start": 16.39591666666667,
    "end": 16.668979166666666
  },
  "ぼ": {
    "start": 16.718979166666667,
    "end": 17.004854166666668
  },
  "ぽ": {
    "start": 17.054854166666665,
    "end": 17.32785416666667
  },
  "ま": {
    "start": 17.377854166666665,
    "end": 17.665583333333334
  },
  "み": {
    "start": 17.715583333333335,
    "end": 18.052270833333335
  },
  "む": {
    "start": 18.102270833333332,
    "end": 18.397875
  },
  "め": {
    "start": 18.447875,
    "end": 18.789125
  },
  "も": {
    "start": 18.839125,
    "end": 19.126666666666665
  },
  "や": {
    "start": 19.176666666666666,
    "end": 19.478708333333334
  },
  "ゆ": {
    "start": 19.528708333333334,
    "end": 19.871333333333332
  },
  "よ": {
    "start": 19.921333333333333,
    "end": 20.21825
  },
  "ら": {
    "start": 20.26825,
    "end": 20.590145833333334
  },
  "り": {
    "start": 20.64014583333333,
    "end": 20.920166666666667
  },
  "る": {
    "start": 20.970166666666668,
    "end": 21.2510625
  },
  "れ": {
    "start": 21.3010625,
    "end": 21.640791666666665
  },
  "ろ": {
    "start": 21.690791666666666,
    "end": 21.963583333333332
  },
  "わ": {
    "start": 22.013583333333333,
    "end": 22.3909375
  },
  "ん": {
    "start": 22.4409375,
    "end": 22.692208333333333
  },
  "きゃ": {
    "start": 22.742208333333334,
    "end": 23.047833333333333
  },
  "きゅ": {
    "start": 23.097833333333334,
    "end": 23.3473125
  },
  "きょ": {
    "start": 23.3973125,
    "end": 23.671666666666667
  },
  "ぎゃ": {
    "start": 23.721666666666668,
    "end": 24.011645833333333
  },
  "ぎゅ": {
    "start": 24.061645833333333,
    "end": 24.351416666666665
  },
  "ぎょ": {
    "start": 24.401416666666666,
    "end": 24.686625
  },
  "しゃ": {
    "start": 24.736625,
    "end": 25.139854166666666
  },
  "しゅ": {
    "start": 25.189854166666667,
    "end": 25.615708333333334
  },
  "しょ": {
    "start": 25.665708333333335,
    "end": 26.043833333333332
  },
  "じゃ": {
    "start": 26.093833333333333,
    "end": 26.407208333333333
  },
  "じゅ": {
    "start": 26.457208333333334,
    "end": 26.7406875
  },
  "じょ": {
    "start": 26.7906875,
    "end": 27.101041666666667
  },
  "ちゃ": {
    "start": 27.151041666666668,
    "end": 27.375729166666666
  },
  "ちゅ": {
    "start": 27.425729166666667,
    "end": 27.710875
  },
  "ちょ": {
    "start": 27.760875,
    "end": 27.9785625
  },
  "にゃ": {
    "start": 28.0285625,
    "end": 28.3651875
  },
  "にゅ": {
    "start": 28.4151875,
    "end": 28.719479166666666
  },
  "にょ": {
    "start": 28.769479166666667,
    "end": 29.104479166666668
  },
  "ひゃ": {
    "start": 29.15447916666667,
    "end": 29.515854166666667
  },
  "ひゅ": {
    "start": 29.565854166666668,
    "end": 29.955375
  },
  "ひょ": {
    "start": 30.005375,
    "end": 30.392979166666667
  },
  "びゃ": {
    "start": 30.442979166666667,
    "end": 30.786583333333333
  },
  "びゅ": {
    "start": 30.836583333333333,
    "end": 31.107479166666668
  },
  "びょ": {
    "start": 31.15747916666667,
    "end": 31.392229166666667
  },
  "ぴゃ": {
    "start": 31.442229166666667,
    "end": 31.747583333333335
  },
  "ぴゅ": {
    "start": 31.797583333333332,
    "end": 32.049375
  },
  "ぴょ": {
    "start": 32.099375,
    "end": 32.33985416666667
  },
  "みゃ": {
    "start": 32.389854166666666,
    "end": 32.774708333333336
  },
  "みゅ": {
    "start": 32.824708333333334,
    "end": 33.15025
  },
  "みょ": {
    "start": 33.20025,
    "end": 33.58975
  },
  "りゃ": {
    "start": 33.63975,
    "end": 33.9323125
  },
  "りゅ": {
    "start": 33.9823125,
    "end": 34.22710416666666
  },
  "りょ": {
    "start": 34.27710416666667,
    "end": 34.58052083333333
  }
}