{
  "あ": {
    "start": 0,
    "end": 0.19597916666666668
  },
  "い": {
    "start": 0.24597916666666667,
    "end": 0.446125
  },
  "う": {
    "start": 0.496125,
    "end": 0.7237083333333333
  },
  "え": {
    "start": 0.7737083333333333,
    "end": 0.9665833333333333
  },
  "お": {
    "start": 1.0165833333333334,
    "end": 1.2186041666666667
  },
  "か": {
    "start": 1.2686041666666668,
    "end": 1.4958125
  },
  "が": {
    "start": 1.5458125,
    "end": 1.7947708333333334
  },
  "き": {
    "start": 1.8447708333333332,
    "end": 2.103479166666667
  },
  "ぎ": {
    "start": 2.1534791666666666,
    "end": 2.4303958333333333
  },
  "く": {
    "start": 2.480395833333333,
    "end": 2.7675625
  },
  "ぐ": {
    "start": 2.8175625,
    "end": 3.11
  },
  "け": {
    "start": 3.16,
    "end": 3.3769583333333335
  },
  "げ": {
    "start": 3.4269583333333333,
    "end": 3.7103333333333333
  },
  "こ": {
    "start": 3.7603333333333335,
    "end": 3.9205625
  },
  "ご": {
    "start": 3.9705625,
    "end": 4.188791666666667
  },
  "さ": {
    "start": 4.238791666666667,
    "end": 4.5311875
  },
  "ざ": {
    "start": 4.5811875,
    "end": 4.860645833333334
  },
  "し": {
    "start": 4.910645833333334,
    "end": 5.2445625
  },
  "じ": {
    "start": 5.2945625,
    "end": 5.5640625
  },
  "す": {
    "start": 5.6140625,
    "end": 6.0005
  },
  "ず": {
    "start": 6.0505,
    "end": 6.352166666666666
  },
  "せ": {
    "start": 6.402166666666667,
    "end": 6.719833333333334
  },
  "ぜ": {
    "start": 6.769833333333334,
    "end": 7.043229166666666
  },
  "そ": {
    "start": 7.093229166666666,
    "end": 7.3756458333333335
  },
  "ぞ": {
    "start": 7.425645833333333,
    "end": 7.668958333333333
  },
  "た": {
    "start": 7.718958333333333,
    "end": 7.940104166666667
  },
  "だ": {
    "start": 7.990104166666667,
    "end": 8.238166666666666
  },
  "ち": {
    "start": 8.288166666666667,
    "end": 8.5581875
  },
  "つ": {
    "start": 8.6081875,
    "end": 8.8985
  },
  "て": {
    "start": 8.9485,
    "end": 9.156625
  },
  "で": {
    "start": 9.206625,
    "end": 9.441125
  },
  "と": {
    "start": 9.491125,
    "end": 9.724791666666667
  },
  "ど": {
    "start": 9.774791666666667,
    "end": 9.9685
  },
  "な": {
    "start": 10.0185,
    "end": 10.3121875
  },
  "に": {
    "start": 10.3621875,
    "end": 10.673291666666668
  },
  "ぬ": {
    "start": 10.723291666666666,
    "end": 11.002916666666666
  },
  "ね": {
    "start": 11.052916666666667,
    "end": 11.306729166666667
  },
  "の": {
    "start": 11.356729166666666,
    "end": 11.5994375
  },
  "は": {
    "start": 11.6494375,
    "end": 11.840166666666667
  },
  "ば": {
    "start": 11.890166666666667,
    "end": 12.1164375
  },
  "ぱ": {
    "start": 12.1664375,
    "end": 12.3885625
  },
  "ひ": {
    "start": 12.4385625,
    "end": 12.649041666666667
  },
  "び": {
    "start": 12.699041666666666,
    "end": 12.9445
  },
  "ぴ": {
    "start": 12.9945,
    "end": 13.245375
  },
  "ふ": {
    "start": 13.295375,
    "end": 13.593520833333333
  },
  "ぶ": {
    "start": 13.643520833333334,
    "end": 13.869416666666666
  },
  "ぷ": {
    "start": 13.919416666666667,
    "end": 14.160916666666667
  },
  "へ": {
    "start": 14.210916666666666,
    "end": 14.421083333333334
  },
  "べ": {
    "start": 14.471083333333333,
    "end": 14.726104166666667
  },
  "ぺ": {
    "start": 14.776104166666666,
    "end": 15.026770833333334
  },
  "ほ": {
    "start": 15.076770833333333,
    "end": 15.2656875
  },
  "ぼ": {
    "start": 15.3156875,
    "end": 15.5485
  },
  "ぽ": {
    "start": 15.5985,
    "end": 15.83025
  },
  "ま": {
    "start": 15.88025,
    "end": 16.1463125
  },
  "み": {
    "start": 16.1963125,
    "end": 16.458395833333334
  },
  "む": {
    "start": 16.508395833333335,
    "end": 16.807020833333333
  },
  "め": {
    "start": 16.857020833333333,
    "end": 17.096479166666665
  },
  "も": {
    "start": 17.146479166666666,
    "end": 17.366208333333333
  },
  "や": {
    "start": 17.416208333333334,
    "end": 17.636270833333334
  },
  "ゆ": {
    "start": 17.68627083333333,
    "end": 17.9779375
  },
  "よ": {
    "start": 18.0279375,
    "end": 18.2970625
  },
  "ら": {
    "start": 18.3470625,
    "end": 18.607458333333334
  },
  "り": {
    "start": 18.657458333333334,
    "end": 18.902166666666666
  },
  "る": {
    "start": 18.952166666666667,
    "end": 19.243166666666667
  },
  "れ": {
    "start": 19.293166666666668,
    "end": 19.5094375
  },
  "ろ": {
    "start": 19.5594375,
    "end": 19.823833333333333
  },
  "わ": {
    "start": 19.873833333333334,
    "end": 20.133541666666666
  },
  "ん": {
    "start": 20.183541666666667,
    "end": 20.374791666666667
  },
  "きゃ": {
    "start": 20.424791666666668,
    "end": 20.652354166666665
  },
  "きゅ": {
    "start": 20.702354166666666,
    "end": 20.979458333333334
  },
  "きょ": {
    "start": 21.029458333333334,
    "end": 21.301833333333335
  },
  "ぎゃ": {
    "start": 21.35183333333333,
    "end": 21.625729166666666
  },
  "ぎゅ": {
    "start": 21.675729166666667,
    "end": 21.999229166666666
  },
  "ぎょ": {
    "start": 22.049229166666667,
    "end": 22.2865
  },
  "しゃ": {
    "start": 22.3365,
    "end": 22.593041666666668
  },
  "しゅ": {
    "start": 22.643041666666665,
    "end": 22.975479166666666
  },
  "しょ": {
    "start": 23.025479166666667,
    "end": 23.306020833333335
  },
  "じゃ": {
    "start": 23.356020833333332,
    "end": 23.590583333333335
  },
  "じゅ": {
    "start": 23.640583333333332,
    "end": 23.9468125
  },
  "じょ": {
    "start": 23.9968125,
    "end": 24.315166666666666
  },
  "ちゃ": {
    "start": 24.365166666666667,
    "end": 24.636729166666665
  },
  "ちゅ": {
    "start": 24.686729166666666,
    "end": 24.9979375
  },
  "ちょ": {
    "start": 25.0479375,
    "end": 25.288229166666667
  },
  "にゃ": {
    "start": 25.338229166666668,
    "end": 25.5855
  },
  "にゅ": {
    "start": 25.6355,
    "end": 25.889458333333334
  },
  "にょ": {
    "start": 25.939458333333334,
    "end": 26.184666666666665
  },
  "ひゃ": {
    "start": 26.234666666666666,
    "end": 26.459520833333332
  },
  "ひゅ": {
    "start": 26.509520833333333,
    "end": 26.755666666666666
  },
  "ひょ": {
    "start": 26.805666666666667,
    "end": 26.976916666666668
  },
  "びゃ": {
    "start": 27.026916666666665,
    "end": 27.221729166666666
  },
  "びゅ": {
    "start": 27.271729166666667,
    "end": 27.510083333333334
  },
  "びょ": {
    "start": 27.560083333333335,
    "end": 27.790479166666668
  },
  "ぴゃ": {
    "start": 27.840479166666668,
    "end": 28.037541666666666
  },
  "ぴゅ": {
    "start": 28.087541666666667,
    "end": 28.32058333333333
  },
  "ぴょ": {
    "start": 28.370583333333332,
    "end": 28.579458333333335
  },
  "みゃ": {
    "start": 28.629458333333332,
    "end": 28.857875
  },
  "みゅ": {
    "start": 28.907875,
    "end": 29.185666666666666
  },
  "みょ": {
    "start": 29.235666666666667,
    "end": 29.458979166666666
  },
  "りゃ": {
    "start": 29.508979166666666,
    "end": 29.740666666666666
  },
  "りゅ": {
    "start": 29.790666666666667,
    "end": 30.147166666666667
  },
  "りょ": {
    "start": 30.197166666666668,
    "end": 30.440270833333333
  }
}