{
  "あ": {
    "start": 0,
    "end": 0.1925
  },
  "い": {
    "start": 0.2425,
    "end": 0.477625
  },
  "う": {
    "start": 0.527625,
    "end": 0.742875
  },
  "え": {
    "start": 0.792875,
    "end": 1.054
  },
  "お": {
    "start": 1.104,
    "end": 1.3118541666666668
  },
  "か": {
    "start": 1.3618541666666666,
    "end": 1.560875
  },
  "が": {
    "start": 1.610875,
    "end": 1.8709375
  },
  "き": {
    "start": 1.9209375,
    "end": 2.179104166666667
  },
  "ぎ": {
    "start": 2.2291041666666667,
    "end": 2.5847083333333334
  },
  "く": {
    "start": 2.634708333333333,
    "end": 2.852104166666667
  },
  "ぐ": {
    "start": 2.9021041666666667,
    "end": 3.089625
  },
  "け": {
    "start": 3.139625,
    "end": 3.351395833333333
  },
  "げ": {
    "start": 3.4013958333333334,
    "end": 3.6803541666666666
  },
  "こ": {
    "start": 3.730354166666667,
    "end": 3.942833333333333
  },
  "ご": {
    "start": 3.9928333333333335,
    "end": 4.2066875
  },
  "さ": {
    "start": 4.2566875,
    "end": 4.503104166666667
  },
  "ざ": {
    "start": 4.5531041666666665,
    "end": 4.813125
  },
  "し": {
    "start": 4.863125,
    "end": 5.225270833333333
  },
  "じ": {
    "start": 5.275270833333333,
    "end": 5.606916666666667
  },
  "す": {
    "start": 5.656916666666667,
    "end": 6.070020833333333
  },
  "ず": {
    "start": 6.120020833333333,
    "end": 6.497458333333333
  },
  "せ": {
    "start": 6.547458333333333,
    "end": 6.8193125
  },
  "ぜ": {
    "start": 6.8693125,
    "end": 7.1939375
  },
  "そ": {
    "start": 7.2439375,
    "end": 7.468708333333334
  },
  "ぞ": {
    "start": 7.5187083333333335,
    "end": 7.7489791666666665
  },
  "た": {
    "start": 7.798979166666666,
    "end": 8.0430625
  },
  "だ": {
    "start": 8.0930625,
    "end": 8.318979166666667
  },
  "ち": {
    "start": 8.368979166666668,
    "end": 8.687833333333334
  },
  "つ": {
    "start": 8.737833333333333,
    "end": 9.045291666666667
  },
  "て": {
    "start": 9.095291666666666,
    "end": 9.297583333333334
  },
  "で": {
    "start": 9.347583333333333,
    "end": 9.5890625
  },
  "と": {
    "start": 9.6390625,
    "end": 9.830958333333333
  },
  "ど": {
    "start": 9.880958333333334,
    "end": 10.070020833333333
  },
  "な": {
    "start": 10.120020833333333,
    "end": 10.390520833333333
  },
  "に": {
    "start": 10.440520833333334,
    "end": 10.729854166666666
  },
  "ぬ": {
    "start": 10.779854166666667,
    "end": 11.0911875
  },
  "ね": {
    "start": 11.1411875,
    "end": 11.389770833333333
  },
  "の": {
    "start": 11.439770833333334,
    "end": 11.651083333333334
  },
  "は": {
    "start": 11.701083333333333,
    "end": 11.929729166666666
  },
  "ば": {
    "start": 11.979729166666667,
    "end": 12.259041666666667
  },
  "ぱ": {
    "start": 12.309041666666667,
    "end": 12.528270833333334
  },
  "ひ": {
    "start": 12.578270833333333,
    "end": 12.870625
  },
  "び": {
    "start": 12.920625,
    "end": 13.216166666666666
  },
  "ぴ": {
    "start": 13.266166666666667,
    "end": 13.534833333333333
  },
  "ふ": {
    "start": 13.584833333333334,
    "end": 13.837854166666666
  },
  "ぶ": {
    "start": 13.887854166666667,
    "end": 14.193020833333334
  },
  "ぷ": {
    "start": 14.243020833333333,
    "end": 14.511
  },
  "へ": {
    "start": 14.561,
    "end": 14.786854166666666
  },
  "べ": {
    "start": 14.836854166666667,
    "end": 15.187645833333333
  },
  "ぺ": {
    "start": 15.237645833333334,
    "end": 15.465083333333334
  },
  "ほ": {
    "start": 15.515083333333333,
    "end": 15.703520833333334
  },
  "ぼ": {
    "start": 15.753520833333333,
    "end": 16.088729166666667
  },
  "ぽ": {
    "start": 16.138729166666668,
    "end": 16.310875
  },
  "ま": {
    "start": 16.360875,
    "end": 16.612208333333335
  },
  "み": {
    "start": 16.662208333333332,
    "end": 16.905
  },
  "む": {
    "start": 16.955,
    "end": 17.173625
  },
  "め": {
    "start": 17.223625,
    "end": 17.50525
  },
  "も": {
    "start": 17.55525,
    "end": 17.8
  },
  "や": {
    "start": 17.85,
    "end": 18.092958333333332
  },
  "ゆ": {
    "start": 18.142958333333333,
    "end": 18.407145833333335
  },
  "よ": {
    "start": 18.457145833333332,
    "end": 18.673041666666666
  },
  "ら": {
    "start": 18.723041666666667,
    "end": 18.995854166666668
  },
  "り": {
    "start": 19.04585416666667,
    "end": 19.314395833333332
  },
  "る": {
    "start": 19.364395833333333,
    "end": 19.681395833333333
  },
  "れ": {
    "start": 19.731395833333334,
    "end": 19.9868125
  },
  "ろ": {
    "start": 20.0368125,
    "end": 20.309666666666665
  },
  "わ": {
    "start": 20.359666666666666,
    "end": 20.619354166666668
  },
  "ん": {
    "start": 20.66935416666667,
    "end": 20.8699375
  },
  "きゃ": {
    "start": 20.9199375,
    "end": 21.154729166666666
  },
  "きゅ": {
    "start": 21.204729166666667,
    "end": 21.449625
  },
  "きょ": {
    "start": 21.499625,
    "end": 21.763291666666667
  },
  "ぎゃ": {
    "start": 21.813291666666668,
    "end": 22.115645833333332
  },
  "ぎゅ": {
    "start": 22.165645833333333,
    "end": 22.485645833333333
  },
  "ぎょ": {
    "start": 22.535645833333334,
    "end": 22.732354166666667
  },
  "しゃ": {
    "start": 22.782354166666668,
    "end": 23.07875
  },
  "しゅ": {
    "start": 23.12875,
    "end": 23.5064375
  },
  "しょ": {
    "start": 23.5564375,
    "end": 23.873208333333334
  },
  "じゃ": {
    "start": 23.923208333333335,
    "end": 24.264104166666666
  },
  "じゅ": {
    "start": 24.314104166666667,
    "end": 24.718979166666667
  },
  "じょ": {
    "start": 24.768979166666668,
    "end": 25.103229166666665
  },
  "ちゃ": {
    "start": 25.153229166666666,
    "end": 25.4335625
  },
  "ちゅ": {
    "start": 25.4835625,
    "end": 25.763520833333335
  },
  "ちょ": {
    "start": 25.81352083333333,
    "end": 26.038208333333333
  },
  "にゃ": {
    "start": 26.088208333333334,
    "end": 26.467979166666666
  },
  "にゅ": {
    "start": 26.517979166666667,
    "end": 26.866458333333334
  },
  "にょ": {
    "start": 26.916458333333335,
    "end": 27.217229166666666
  },
  "ひゃ": {
    "start": 27.267229166666667,
    "end": 27.575541666666666
  },
  "ひゅ": {
    "start": 27.625541666666667,
    "end": 27.946979166666665
  },
  "ひょ": {
    "start": 27.996979166666666,
    "end": 28.295895833333333
  },
  "びゃ": {
    "start": 28.345895833333334,
    "end": 28.661416666666668
  },
  "びゅ": {
    "start": 28.71141666666667,
    "end": 28.989895833333332
  },
  "びょ": {
    "start": 29.039895833333333,
    "end": 29.3025625
  },
  "ぴゃ": {
    "start": 29.3525625,
    "end": 29.616416666666666
  },
  "ぴゅ": {
    "start": 29.666416666666667,
    "end": 29.892020833333333
  },
  "ぴょ": {
    "start": 29.942020833333334,
    "end": 30.163020833333334
  },
  "みゃ": {
    "start": 30.213020833333335,
    "end": 30.5241875
  },
  "みゅ": {
    "start": 30.5741875,
    "end": 30.915416666666665
  },
  "みょ": {
    "start": 30.965416666666666,
    "end": 31.266333333333332
  },
  "りゃ": {
    "start": 31.316333333333333,
    "end": 31.5915
  },
  "りゅ": {
    "start": 31.6415,
    "end": 31.957708333333333
  },
  "りょ": {
    "start": 32.00770833333333,
    "end": 32.30764583333333
  }
}