{"あ":{"start":0,"end":0.23326530612244897},"い":{"start":1.05,"end":1.393673469387755},"う":{"start":2.1,"end":2.5},"え":{"start":3.15,"end":3.5941043083900226},"お":{"start":4.2,"end":4.601882086167801},"か":{"start":5.25,"end":5.591496598639456},"が":{"start":6.3,"end":6.638548752834467},"き":{"start":7.35,"end":7.6263038548752835},"ぎ":{"start":8.4,"end":8.856099773242631},"く":{"start":9.450000000000001,"end":9.755578231292517},"ぐ":{"start":10.5,"end":10.795396825396825},"け":{"start":11.549999999999999,"end":11.80283446712018},"げ":{"start":12.599999999999998,"end":13.154195011337867},"こ":{"start":13.649999999999999,"end":13.914625850340135},"ご":{"start":14.7,"end":15.006235827664398},"さ":{"start":15.749999999999998,"end":16.063174603174602},"ざ":{"start":16.799999999999997,"end":17.091678004535144},"し":{"start":17.849999999999998,"end":18.297142857142855},"じ":{"start":18.9,"end":19.322970521541947},"す":{"start":19.949999999999996,"end":20.41975056689342},"ず":{"start":20.999999999999996,"end":21.44181405895691},"せ":{"start":22.049999999999994,"end":22.425192743764168},"ぜ":{"start":23.099999999999994,"end":23.450158730158723},"そ":{"start":24.14999999999999,"end":24.46342403628117},"ぞ":{"start":25.199999999999992,"end":25.548208616780038},"た":{"start":26.249999999999993,"end":26.519138321995456},"だ":{"start":27.29999999999999,"end":27.574399092970513},"ち":{"start":28.34999999999999,"end":28.723673469387744},"つ":{"start":29.399999999999988,"end":29.81002267573695},"て":{"start":30.44999999999999,"end":30.713106575963707},"で":{"start":31.49999999999999,"end":31.778979591836723},"と":{"start":32.54999999999999,"end":32.76900226757368},"ど":{"start":33.59999999999999,"end":33.8424036281179},"な":{"start":34.649999999999984,"end":34.96632653061223},"に":{"start":35.69999999999998,"end":36.02841269841268},"ぬ":{"start":36.74999999999998,"end":37.113945578231274},"ね":{"start":37.79999999999998,"end":38.0825170068027},"の":{"start":38.84999999999998,"end":39.09188208616778},"は":{"start":39.89999999999998,"end":40.18655328798184},"ば":{"start":40.94999999999998,"end":41.26029478458048},"ぱ":{"start":41.99999999999998,"end":42.253560090702926},"ひ":{"start":43.049999999999976,"end":43.46487528344669},"び":{"start":44.09999999999997,"end":44.72501133786845},"ぴ":{"start":45.14999999999997,"end":45.448866213151895},"ふ":{"start":46.19999999999997,"end":46.61079365079362},"ぶ":{"start":47.249999999999964,"end":47.812517006802686},"ぷ":{"start":48.29999999999996,"end":48.59376417233556},"へ":{"start":49.34999999999996,"end":49.67263038548749},"べ":{"start":50.399999999999956,"end":50.78229024943306},"ぺ":{"start":51.44999999999995,"end":51.707687074829884},"ほ":{"start":52.49999999999995,"end":52.81911564625845},"ぼ":{"start":53.54999999999995,"end":53.92870748299315},"ぽ":{"start":54.59999999999995,"end":54.8286167800453},"ま":{"start":55.64999999999995,"end":56.175011337868426},"み":{"start":56.699999999999946,"end":56.99995464852602},"む":{"start":57.74999999999994,"end":58.026712018140536},"め":{"start":58.79999999999995,"end":59.18097505668929},"も":{"start":59.84999999999995,"end":60.13181405895687},"や":{"start":60.899999999999956,"end":61.215918367346895},"ゆ":{"start":61.94999999999995,"end":62.271088435374104},"よ":{"start":62.99999999999996,"end":63.26501133786844},"ら":{"start":64.04999999999995,"end":64.34215419501129},"り":{"start":65.09999999999995,"end":65.48634920634916},"る":{"start":66.14999999999995,"end":66.53097505668929},"れ":{"start":67.19999999999995,"end":67.53573696145119},"ろ":{"start":68.24999999999994,"end":68.56947845804983},"わ":{"start":69.29999999999994,"end":69.58129251700674},"ん":{"start":70.34999999999994,"end":70.60074829931966},"きゃ":{"start":71.39999999999993,"end":71.67442176870742},"きゅ":{"start":72.44999999999993,"end":72.75829931972783},"きょ":{"start":73.49999999999993,"end":73.7961904761904},"ぎゃ":{"start":74.54999999999993,"end":74.8834240362811},"ぎゅ":{"start":75.59999999999992,"end":75.97448979591829},"ぎょ":{"start":76.64999999999992,"end":76.88596371882078},"しゃ":{"start":77.69999999999992,"end":78.06625850340127},"しゅ":{"start":78.74999999999991,"end":79.20911564625843},"しょ":{"start":79.79999999999993,"end":80.2036054421768},"じゃ":{"start":80.84999999999992,"end":81.26675736961444},"じゅ":{"start":81.89999999999992,"end":82.34179138321987},"じょ":{"start":82.94999999999992,"end":83.32133786848064},"ちゃ":{"start":83.99999999999991,"end":84.29104308390014},"ちゅ":{"start":85.04999999999991,"end":85.35684807256227},"ちょ":{"start":86.09999999999991,"end":86.36648526077089},"にゃ":{"start":87.1499999999999,"end":87.65297052154186},"にゅ":{"start":88.1999999999999,"end":88.59460317460308},"にょ":{"start":89.2499999999999,"end":89.66251700680262},"ひゃ":{"start":90.2999999999999,"end":90.72401360544208},"ひゅ":{"start":91.34999999999991,"end":91.77625850340127},"ひょ":{"start":92.3999999999999,"end":92.81827664399084},"びゃ":{"start":93.44999999999992,"end":93.80056689342395},"びゅ":{"start":94.49999999999991,"end":94.80496598639448},"びょ":{"start":95.54999999999993,"end":95.84773242630378},"ぴゃ":{"start":96.59999999999992,"end":96.91317460317453},"ぴゅ":{"start":97.64999999999992,"end":97.9076643990929},"ぴょ":{"start":98.69999999999992,"end":98.95943310657589},"みゃ":{"start":99.74999999999993,"end":100.10120181405888},"みゅ":{"start":100.79999999999993,"end":101.20419501133779},"みょ":{"start":101.84999999999992,"end":102.18852607709744},"りゃ":{"start":102.89999999999993,"end":103.31052154195005},"りゅ":{"start":103.94999999999995,"end":104.38240362811786},"りょ":{"start":104.99999999999994,"end":105.34907029478453}}