{
  "あ": {
    "start": 0,
    "end": 0.21195833333333333
  },
  "い": {
    "start": 0.26195833333333335,
    "end": 0.5002083333333334
  },
  "う": {
    "start": 0.5502083333333333,
    "end": 0.8201458333333334
  },
  "え": {
    "start": 0.8701458333333333,
    "end": 1.1387916666666666
  },
  "お": {
    "start": 1.1887916666666667,
    "end": 1.39825
  },
  "か": {
    "start": 1.44825,
    "end": 1.7241875
  },
  "が": {
    "start": 1.7741875,
    "end": 2.0563333333333333
  },
  "き": {
    "start": 2.106333333333333,
    "end": 2.4134375
  },
  "ぎ": {
    "start": 2.4634375,
    "end": 2.7544375
  },
  "く": {
    "start": 2.8044375,
    "end": 3.091375
  },
  "ぐ": {
    "start": 3.141375,
    "end": 3.4247083333333332
  },
  "け": {
    "start": 3.4747083333333335,
    "end": 3.7659166666666666
  },
  "げ": {
    "start": 3.815916666666667,
    "end": 4.0808125
  },
  "こ": {
    "start": 4.1308125,
    "end": 4.359354166666667
  },
  "ご": {
    "start": 4.409354166666667,
    "end": 4.640395833333334
  },
  "さ": {
    "start": 4.6903958333333335,
    "end": 4.991125
  },
  "ざ": {
    "start": 5.041125,
    "end": 5.2992083333333335
  },
  "し": {
    "start": 5.349208333333333,
    "end": 5.671395833333333
  },
  "じ": {
    "start": 5.721395833333333,
    "end": 6.0214375
  },
  "す": {
    "start": 6.0714375,
    "end": 6.361041666666667
  },
  "ず": {
    "start": 6.411041666666667,
    "end": 6.720625
  },
  "せ": {
    "start": 6.770625,
    "end": 7.118645833333333
  },
  "ぜ": {
    "start": 7.168645833333334,
    "end": 7.4385
  },
  "そ": {
    "start": 7.4885,
    "end": 7.7218333333333335
  },
  "ぞ": {
    "start": 7.771833333333333,
    "end": 8.045291666666667
  },
  "た": {
    "start": 8.095291666666666,
    "end": 8.393895833333334
  },
  "だ": {
    "start": 8.443895833333332,
    "end": 8.703520833333334
  },
  "ち": {
    "start": 8.753520833333333,
    "end": 9.034875
  },
  "つ": {
    "start": 9.084875,
    "end": 9.399208333333334
  },
  "て": {
    "start": 9.449208333333333,
    "end": 9.72825
  },
  "で": {
    "start": 9.77825,
    "end": 10.045354166666666
  },
  "と": {
    "start": 10.095354166666667,
    "end": 10.351708333333333
  },
  "ど": {
    "start": 10.401708333333334,
    "end": 10.6309375
  },
  "な": {
    "start": 10.6809375,
    "end": 10.9735
  },
  "に": {
    "start": 11.0235,
    "end": 11.329875
  },
  "ぬ": {
    "start": 11.379875,
    "end": 11.681666666666667
  },
  "ね": {
    "start": 11.731666666666667,
    "end": 12.039729166666667
  },
  "の": {
    "start": 12.089729166666666,
    "end": 12.349645833333334
  },
  "は": {
    "start": 12.399645833333333,
    "end": 12.675666666666666
  },
  "ば": {
    "start": 12.725666666666667,
    "end": 13.025541666666667
  },
  "ぱ": {
    "start": 13.075541666666666,
    "end": 13.348020833333333
  },
  "ひ": {
    "start": 13.398020833333334,
    "end": 13.690229166666667
  },
  "び": {
    "start": 13.740229166666667,
    "end": 14.040041666666667
  },
  "ぴ": {
    "start": 14.090041666666666,
    "end": 14.3718125
  },
  "ふ": {
    "start": 14.4218125,
    "end": 14.680916666666667
  },
  "ぶ": {
    "start": 14.730916666666667,
    "end": 15.031916666666667
  },
  "ぷ": {
    "start": 15.081916666666666,
    "end": 15.338729166666667
  },
  "へ": {
    "start": 15.388729166666666,
    "end": 15.693604166666667
  },
  "べ": {
    "start": 15.743604166666668,
    "end": 16.022833333333335
  },
  "ぺ": {
    "start": 16.07283333333333,
    "end": 16.377583333333334
  },
  "ほ": {
    "start": 16.427583333333335,
    "end": 16.6683125
  },
  "ぼ": {
    "start": 16.7183125,
    "end": 16.973416666666665
  },
  "ぽ": {
    "start": 17.023416666666666,
    "end": 17.277395833333333
  },
  "ま": {
    "start": 17.327395833333334,
    "end": 17.674708333333335
  },
  "み": {
    "start": 17.724708333333332,
    "end": 18.026083333333332
  },
  "む": {
    "start": 18.076083333333333,
    "end": 18.4083125
  },
  "め": {
    "start": 18.4583125,
    "end": 18.808020833333334
  },
  "も": {
    "start": 18.858020833333335,
    "end": 19.143729166666667
  },
  "や": {
    "start": 19.193729166666667,
    "end": 19.503979166666667
  },
  "ゆ": {
    "start": 19.553979166666668,
    "end": 19.874416666666665
  },
  "よ": {
    "start": 19.924416666666666,
    "end": 20.146875
  },
  "ら": {
    "start": 20.196875,
    "end": 20.5155
  },
  "り": {
    "start": 20.5655,
    "end": 20.872625
  },
  "る": {
    "start": 20.922625,
    "end": 21.258270833333334
  },
  "れ": {
    "start": 21.308270833333335,
    "end": 21.6346875
  },
  "ろ": {
    "start": 21.6846875,
    "end": 21.971020833333334
  },
  "わ": {
    "start": 22.021020833333335,
    "end": 22.3299375
  },
  "ん": {
    "start": 22.3799375,
    "end": 22.591375
  },
  "きゃ": {
    "start": 22.641375,
    "end": 22.9610625
  },
  "きゅ": {
    "start": 23.0110625,
    "end": 23.332625
  },
  "きょ": {
    "start": 23.382625,
    "end": 23.688854166666665
  },
  "ぎゃ": {
    "start": 23.738854166666666,
    "end": 24.072354166666667
  },
  "ぎゅ": {
    "start": 24.122354166666668,
    "end": 24.489354166666665
  },
  "ぎょ": {
    "start": 24.539354166666666,
    "end": 24.838
  },
  "しゃ": {
    "start": 24.888,
    "end": 25.235666666666667
  },
  "しゅ": {
    "start": 25.285666666666668,
    "end": 25.646229166666668
  },
  "しょ": {
    "start": 25.696229166666665,
    "end": 26.084145833333334
  },
  "じゃ": {
    "start": 26.134145833333335,
    "end": 26.425166666666666
  },
  "じゅ": {
    "start": 26.475166666666667,
    "end": 26.794520833333333
  },
  "じょ": {
    "start": 26.844520833333334,
    "end": 27.165041666666667
  },
  "ちゃ": {
    "start": 27.215041666666668,
    "end": 27.516041666666666
  },
  "ちゅ": {
    "start": 27.566041666666667,
    "end": 27.896979166666668
  },
  "ちょ": {
    "start": 27.946979166666665,
    "end": 28.223020833333333
  },
  "にゃ": {
    "start": 28.273020833333334,
    "end": 28.623166666666666
  },
  "にゅ": {
    "start": 28.673166666666667,
    "end": 28.99747916666667
  },
  "にょ": {
    "start": 29.047479166666665,
    "end": 29.381020833333334
  },
  "ひゃ": {
    "start": 29.431020833333335,
    "end": 29.74266666666667
  },
  "ひゅ": {
    "start": 29.792666666666666,
    "end": 30.105208333333334
  },
  "ひょ": {
    "start": 30.155208333333334,
    "end": 30.407979166666667
  },
  "びゃ": {
    "start": 30.457979166666668,
    "end": 30.750125
  },
  "びゅ": {
    "start": 30.800125,
    "end": 31.068166666666666
  },
  "びょ": {
    "start": 31.118166666666667,
    "end": 31.38875
  },
  "ぴゃ": {
    "start": 31.43875,
    "end": 31.773958333333333
  },
  "ぴゅ": {
    "start": 31.823958333333334,
    "end": 32.166354166666665
  },
  "ぴょ": {
    "start": 32.21635416666667,
    "end": 32.51895833333333
  },
  "みゃ": {
    "start": 32.568958333333335,
    "end": 32.895625
  },
  "みゅ": {
    "start": 32.945625,
    "end": 33.267604166666665
  },
  "みょ": {
    "start": 33.31760416666667,
    "end": 33.62077083333333
  },
  "りゃ": {
    "start": 33.670770833333336,
    "end": 33.96145833333333
  },
  "りゅ": {
    "start": 34.01145833333333,
    "end": 34.290645833333336
  },
  "りょ": {
    "start": 34.34064583333333,
    "end": 34.624916666666664
  }
}