{
  "あ": {
    "start": 0,
    "end": 0.16008333333333333
  },
  "い": {
    "start": 0.21008333333333334,
    "end": 0.423375
  },
  "う": {
    "start": 0.473375,
    "end": 0.6943541666666667
  },
  "え": {
    "start": 0.7443541666666667,
    "end": 0.943125
  },
  "お": {
    "start": 0.993125,
    "end": 1.1868125
  },
  "か": {
    "start": 1.2368125,
    "end": 1.4198333333333333
  },
  "が": {
    "start": 1.4698333333333333,
    "end": 1.627
  },
  "き": {
    "start": 1.677,
    "end": 1.8759583333333334
  },
  "ぎ": {
    "start": 1.9259583333333334,
    "end": 2.1178333333333335
  },
  "く": {
    "start": 2.1678333333333333,
    "end": 2.4257291666666667
  },
  "ぐ": {
    "start": 2.4757291666666665,
    "end": 2.7521666666666667
  },
  "け": {
    "start": 2.8021666666666665,
    "end": 2.9938125
  },
  "げ": {
    "start": 3.0438125,
    "end": 3.2677708333333335
  },
  "こ": {
    "start": 3.3177708333333333,
    "end": 3.492958333333333
  },
  "ご": {
    "start": 3.5429583333333334,
    "end": 3.70075
  },
  "さ": {
    "start": 3.75075,
    "end": 4.00825
  },
  "ざ": {
    "start": 4.05825,
    "end": 4.267104166666667
  },
  "し": {
    "start": 4.317104166666667,
    "end": 4.539354166666667
  },
  "じ": {
    "start": 4.589354166666666,
    "end": 4.7879375
  },
  "す": {
    "start": 4.8379375,
    "end": 5.132520833333333
  },
  "ず": {
    "start": 5.182520833333333,
    "end": 5.47625
  },
  "せ": {
    "start": 5.52625,
    "end": 5.733666666666666
  },
  "ぜ": {
    "start": 5.783666666666667,
    "end": 6.001354166666666
  },
  "そ": {
    "start": 6.051354166666667,
    "end": 6.1790625
  },
  "ぞ": {
    "start": 6.2290625,
    "end": 6.398479166666666
  },
  "た": {
    "start": 6.448479166666667,
    "end": 6.6391875
  },
  "だ": {
    "start": 6.6891875,
    "end": 6.8763958333333335
  },
  "ち": {
    "start": 6.926395833333333,
    "end": 7.135229166666667
  },
  "つ": {
    "start": 7.185229166666667,
    "end": 7.410875
  },
  "て": {
    "start": 7.460875,
    "end": 7.646520833333334
  },
  "で": {
    "start": 7.6965208333333335,
    "end": 7.912333333333334
  },
  "と": {
    "start": 7.9623333333333335,
    "end": 8.0859375
  },
  "ど": {
    "start": 8.1359375,
    "end": 8.317270833333334
  },
  "な": {
    "start": 8.367270833333333,
    "end": 8.617354166666667
  },
  "に": {
    "start": 8.667354166666666,
    "end": 8.918666666666667
  },
  "ぬ": {
    "start": 8.968666666666667,
    "end": 9.271
  },
  "ね": {
    "start": 9.321,
    "end": 9.592125
  },
  "の": {
    "start": 9.642125,
    "end": 9.845791666666667
  },
  "は": {
    "start": 9.895791666666666,
    "end": 10.039041666666666
  },
  "ば": {
    "start": 10.089041666666667,
    "end": 10.271895833333334
  },
  "ぱ": {
    "start": 10.321895833333333,
    "end": 10.461645833333334
  },
  "ひ": {
    "start": 10.511645833333333,
    "end": 10.699041666666666
  },
  "び": {
    "start": 10.749041666666667,
    "end": 11.0109375
  },
  "ぴ": {
    "start": 11.0609375,
    "end": 11.226895833333334
  },
  "ふ": {
    "start": 11.276895833333333,
    "end": 11.484875
  },
  "ぶ": {
    "start": 11.534875,
    "end": 11.786520833333332
  },
  "ぷ": {
    "start": 11.836520833333333,
    "end": 12.056333333333333
  },
  "へ": {
    "start": 12.106333333333334,
    "end": 12.246229166666666
  },
  "べ": {
    "start": 12.296229166666667,
    "end": 12.469958333333333
  },
  "ぺ": {
    "start": 12.519958333333333,
    "end": 12.663354166666666
  },
  "ほ": {
    "start": 12.713354166666667,
    "end": 12.853729166666668
  },
  "ぼ": {
    "start": 12.903729166666666,
    "end": 13.081979166666667
  },
  "ぽ": {
    "start": 13.131979166666667,
    "end": 13.2875625
  },
  "ま": {
    "start": 13.3375625,
    "end": 13.5400625
  },
  "み": {
    "start": 13.5900625,
    "end": 13.8305
  },
  "む": {
    "start": 13.8805,
    "end": 14.1335
  },
  "め": {
    "start": 14.1835,
    "end": 14.399895833333334
  },
  "も": {
    "start": 14.449895833333333,
    "end": 14.637979166666666
  },
  "や": {
    "start": 14.687979166666667,
    "end": 14.919541666666667
  },
  "ゆ": {
    "start": 14.969541666666666,
    "end": 15.232583333333332
  },
  "よ": {
    "start": 15.282583333333333,
    "end": 15.497125
  },
  "ら": {
    "start": 15.547125,
    "end": 15.785354166666666
  },
  "り": {
    "start": 15.835354166666667,
    "end": 16.0780625
  },
  "る": {
    "start": 16.1280625,
    "end": 16.401291666666665
  },
  "れ": {
    "start": 16.451291666666666,
    "end": 16.681145833333332
  },
  "ろ": {
    "start": 16.731145833333333,
    "end": 16.956166666666668
  },
  "わ": {
    "start": 17.006166666666665,
    "end": 17.207020833333335
  },
  "ん": {
    "start": 17.257020833333332,
    "end": 17.493395833333334
  },
  "きゃ": {
    "start": 17.543395833333335,
    "end": 17.709791666666668
  },
  "きゅ": {
    "start": 17.75979166666667,
    "end": 17.989166666666666
  },
  "きょ": {
    "start": 18.039166666666667,
    "end": 18.2291875
  },
  "ぎゃ": {
    "start": 18.2791875,
    "end": 18.508708333333335
  },
  "ぎゅ": {
    "start": 18.558708333333332,
    "end": 18.825625
  },
  "ぎょ": {
    "start": 18.875625,
    "end": 19.0805
  },
  "しゃ": {
    "start": 19.1305,
    "end": 19.366270833333335
  },
  "しゅ": {
    "start": 19.416270833333332,
    "end": 19.717666666666666
  },
  "しょ": {
    "start": 19.767666666666667,
    "end": 19.997395833333332
  },
  "じゃ": {
    "start": 20.047395833333333,
    "end": 20.233104166666667
  },
  "じゅ": {
    "start": 20.283104166666668,
    "end": 20.513395833333334
  },
  "じょ": {
    "start": 20.563395833333335,
    "end": 20.7533125
  },
  "ちゃ": {
    "start": 20.8033125,
    "end": 21.002458333333333
  },
  "ちゅ": {
    "start": 21.052458333333334,
    "end": 21.278520833333335
  },
  "ちょ": {
    "start": 21.328520833333332,
    "end": 21.527166666666666
  },
  "にゃ": {
    "start": 21.577166666666667,
    "end": 21.866854166666666
  },
  "にゅ": {
    "start": 21.916854166666667,
    "end": 22.20264583333333
  },
  "にょ": {
    "start": 22.252645833333332,
    "end": 22.488979166666667
  },
  "ひゃ": {
    "start": 22.538979166666667,
    "end": 22.700854166666666
  },
  "ひゅ": {
    "start": 22.750854166666667,
    "end": 23.0070625
  },
  "ひょ": {
    "start": 23.0570625,
    "end": 23.228083333333334
  },
  "びゃ": {
    "start": 23.278083333333335,
    "end": 23.4736875
  },
  "びゅ": {
    "start": 23.5236875,
    "end": 23.718979166666667
  },
  "びょ": {
    "start": 23.768979166666668,
    "end": 23.932416666666665
  },
  "ぴゃ": {
    "start": 23.982416666666666,
    "end": 24.168229166666666
  },
  "ぴゅ": {
    "start": 24.218229166666667,
    "end": 24.4119375
  },
  "ぴょ": {
    "start": 24.4619375,
    "end": 24.627291666666668
  },
  "みゃ": {
    "start": 24.677291666666665,
    "end": 24.913229166666667
  },
  "みゅ": {
    "start": 24.963229166666668,
    "end": 25.282375
  },
  "みょ": {
    "start": 25.332375,
    "end": 25.588791666666665
  },
  "りゃ": {
    "start": 25.638791666666666,
    "end": 25.81825
  },
  "りゅ": {
    "start": 25.86825,
    "end": 26.11825
  },
  "りょ": {
    "start": 26.16825,
    "end": 26.3579375
  }
}