{"あ":{"start":0,"end":0.2199546485260771},"い":{"start":1.05,"end":1.3182766439909297},"う":{"start":2.1,"end":2.3948979591836737},"え":{"start":3.1500000000000004,"end":3.3975963718820865},"お":{"start":4.2,"end":4.435170068027211},"か":{"start":5.25,"end":5.5357369614512475},"が":{"start":6.300000000000001,"end":6.574512471655329},"き":{"start":7.3500000000000005,"end":7.638979591836735},"ぎ":{"start":8.4,"end":8.643945578231293},"く":{"start":9.45,"end":9.753945578231292},"ぐ":{"start":10.5,"end":10.821972789115646},"け":{"start":11.55,"end":11.834444444444445},"げ":{"start":12.600000000000001,"end":12.88326530612245},"こ":{"start":13.65,"end":13.990566893424036},"ご":{"start":14.7,"end":14.951315192743763},"さ":{"start":15.75,"end":16.09108843537415},"ざ":{"start":16.8,"end":17.116462585034014},"し":{"start":17.85,"end":18.178049886621316},"じ":{"start":18.900000000000002,"end":19.194331065759638},"す":{"start":19.95,"end":20.286916099773244},"ず":{"start":21,"end":21.347278911564626},"せ":{"start":22.05,"end":22.353083900226757},"ぜ":{"start":23.1,"end":23.42746031746032},"そ":{"start":24.150000000000002,"end":24.42104308390023},"ぞ":{"start":25.200000000000003,"end":25.515646258503406},"た":{"start":26.250000000000004,"end":26.486439909297054},"だ":{"start":27.3,"end":27.591337868480725},"ち":{"start":28.349999999999998,"end":28.61174603174603},"つ":{"start":29.4,"end":29.67954648526077},"て":{"start":30.45,"end":30.670589569160995},"で":{"start":31.499999999999996,"end":31.820816326530608},"と":{"start":32.55,"end":32.76827664399093},"ど":{"start":33.6,"end":33.86952380952381},"な":{"start":34.650000000000006,"end":34.9495918367347},"に":{"start":35.7,"end":35.9975283446712},"ぬ":{"start":36.75,"end":37.10480725623583},"ね":{"start":37.800000000000004,"end":38.16673469387756},"の":{"start":38.85000000000001,"end":39.09514739229026},"は":{"start":39.900000000000006,"end":40.14224489795919},"ば":{"start":40.95,"end":41.23505668934241},"ぱ":{"start":42.00000000000001,"end":42.24269841269842},"ひ":{"start":43.050000000000004,"end":43.410748299319735},"び":{"start":44.10000000000001,"end":44.42009070294785},"ぴ":{"start":45.150000000000006,"end":45.83750566893425},"ふ":{"start":46.20000000000001,"end":46.50392290249434},"ぶ":{"start":47.25000000000001,"end":47.558503401360554},"ぷ":{"start":48.30000000000001,"end":48.57820861678006},"へ":{"start":49.350000000000016,"end":49.58873015873017},"べ":{"start":50.40000000000001,"end":50.67913832199548},"ぺ":{"start":51.45000000000002,"end":51.69573696145127},"ほ":{"start":52.50000000000002,"end":52.73539682539685},"ぼ":{"start":53.550000000000026,"end":53.82299319727894},"ぽ":{"start":54.60000000000003,"end":54.802721088435405},"ま":{"start":55.650000000000034,"end":55.909274376417265},"み":{"start":56.70000000000003,"end":57.00299319727894},"む":{"start":57.75000000000003,"end":58.05956916099776},"め":{"start":58.800000000000026,"end":59.07573696145127},"も":{"start":59.85000000000002,"end":60.09664399092973},"や":{"start":60.90000000000002,"end":61.24106575963721},"ゆ":{"start":61.950000000000024,"end":62.25977324263041},"よ":{"start":63.00000000000002,"end":63.24841269841272},"ら":{"start":64.05000000000003,"end":64.33489795918369},"り":{"start":65.10000000000002,"end":65.36573696145128},"る":{"start":66.15000000000003,"end":66.47417233560094},"れ":{"start":67.20000000000003,"end":67.47494331065762},"ろ":{"start":68.25000000000003,"end":68.51920634920637},"わ":{"start":69.30000000000003,"end":69.61120181405899},"ん":{"start":70.35000000000002,"end":70.81251700680275},"きゃ":{"start":71.40000000000003,"end":71.71086167800456},"きゅ":{"start":72.45000000000003,"end":72.78258503401364},"きょ":{"start":73.50000000000003,"end":73.78018140589572},"ぎゃ":{"start":74.55000000000003,"end":74.84321995464855},"ぎゅ":{"start":75.60000000000002,"end":75.96877551020411},"ぎょ":{"start":76.65000000000003,"end":76.94594104308393},"しゃ":{"start":77.70000000000003,"end":78.03532879818597},"しゅ":{"start":78.75000000000003,"end":79.15385487528347},"しょ":{"start":79.80000000000003,"end":80.12412698412702},"じゃ":{"start":80.85000000000004,"end":81.14104308390026},"じゅ":{"start":81.90000000000003,"end":82.17265306122452},"じょ":{"start":82.95000000000003,"end":83.28514739229028},"ちゃ":{"start":84.00000000000003,"end":84.26167800453517},"ちゅ":{"start":85.05000000000003,"end":85.31163265306125},"ちょ":{"start":86.10000000000002,"end":86.34634920634923},"にゃ":{"start":87.15000000000002,"end":87.54185941043086},"にゅ":{"start":88.20000000000002,"end":88.54380952380954},"にょ":{"start":89.25000000000001,"end":89.53841269841271},"ひゃ":{"start":90.30000000000001,"end":90.61258503401362},"ひゅ":{"start":91.35000000000001,"end":91.68834467120182},"ひょ":{"start":92.4,"end":92.66675736961452},"びゃ":{"start":93.45,"end":93.69895691609977},"びゅ":{"start":94.5,"end":94.73931972789116},"びょ":{"start":95.55,"end":95.7434693877551},"ぴゃ":{"start":96.6,"end":96.83510204081632},"ぴゅ":{"start":97.64999999999999,"end":97.88138321995464},"ぴょ":{"start":98.69999999999999,"end":98.95006802721088},"みゃ":{"start":99.74999999999999,"end":100.08181405895691},"みゅ":{"start":100.8,"end":101.1630612244898},"みょ":{"start":101.85,"end":102.16251700680272},"りゃ":{"start":102.89999999999999,"end":103.22308390022675},"りゅ":{"start":103.95,"end":104.31480725623582},"りょ":{"start":105,"end":105.22621315192744}}