{"あ":{"start":0,"end":0.3206122448979592},"い":{"start":1.05,"end":1.437732426303855},"う":{"start":2.1,"end":2.42827664399093},"え":{"start":3.1500000000000004,"end":3.5301587301587305},"お":{"start":4.2,"end":4.469183673469388},"か":{"start":5.25,"end":5.6308616780045355},"が":{"start":6.300000000000001,"end":6.711768707482994},"き":{"start":7.350000000000001,"end":7.787505668934242},"ぎ":{"start":8.400000000000002,"end":8.809455782312927},"く":{"start":9.450000000000003,"end":9.871541950113382},"ぐ":{"start":10.500000000000004,"end":10.937505668934245},"け":{"start":11.550000000000004,"end":11.934195011337874},"げ":{"start":12.600000000000005,"end":13.027777777777782},"こ":{"start":13.650000000000004,"end":13.958866213151932},"ご":{"start":14.700000000000005,"end":15.024263038548757},"さ":{"start":15.750000000000004,"end":16.186553287981862},"ざ":{"start":16.800000000000004,"end":17.300000000000004},"し":{"start":17.850000000000005,"end":18.318752834467126},"じ":{"start":18.900000000000006,"end":19.400000000000006},"す":{"start":19.950000000000006,"end":20.570748299319735},"ず":{"start":21.000000000000007,"end":21.46367346938776},"せ":{"start":22.050000000000004,"end":22.487505668934244},"ぜ":{"start":23.100000000000005,"end":23.558458049886625},"そ":{"start":24.150000000000002,"end":24.621541950113382},"ぞ":{"start":25.200000000000003,"end":25.543764172335603},"た":{"start":26.250000000000004,"end":26.62480725623583},"だ":{"start":27.3,"end":27.67090702947846},"ち":{"start":28.35,"end":28.744965986394558},"つ":{"start":29.4,"end":29.837278911564624},"て":{"start":30.45,"end":30.82501133786848},"で":{"start":31.5,"end":31.8437641723356},"と":{"start":32.55,"end":32.83126984126984},"ど":{"start":33.599999999999994,"end":33.89131519274376},"な":{"start":34.65,"end":35.11875283446712},"に":{"start":35.699999999999996,"end":36.13750566893424},"ぬ":{"start":36.75,"end":37.182585034013606},"ね":{"start":37.8,"end":38.23215419501133},"の":{"start":38.849999999999994,"end":39.18632653061224},"は":{"start":39.9,"end":40.30471655328798},"ば":{"start":40.95,"end":41.29215419501134},"ぱ":{"start":42.00000000000001,"end":42.3913605442177},"ひ":{"start":43.05000000000001,"end":43.42501133786849},"び":{"start":44.10000000000001,"end":44.47501133786849},"ぴ":{"start":45.150000000000006,"end":45.58750566893425},"ふ":{"start":46.20000000000001,"end":46.5667120181406},"ぶ":{"start":47.25000000000001,"end":47.64938775510205},"ぷ":{"start":48.300000000000004,"end":48.68054421768708},"へ":{"start":49.35,"end":49.72501133786848},"べ":{"start":50.4,"end":50.86875283446712},"ぺ":{"start":51.449999999999996,"end":51.825011337868474},"ほ":{"start":52.49999999999999,"end":52.78126984126983},"ぼ":{"start":53.54999999999999,"end":53.86929705215419},"ぽ":{"start":54.599999999999994,"end":54.9437641723356},"ま":{"start":55.65,"end":56.15854875283446},"み":{"start":56.699999999999996,"end":57.168752834467114},"む":{"start":57.74999999999999,"end":58.202086167800445},"め":{"start":58.79999999999999,"end":59.26875283446711},"も":{"start":59.84999999999999,"end":60.225011337868466},"や":{"start":60.899999999999984,"end":61.38342403628116},"ゆ":{"start":61.94999999999998,"end":62.41659863945576},"よ":{"start":62.99999999999998,"end":63.391768707482974},"ら":{"start":64.04999999999998,"end":64.54999999999998},"り":{"start":65.09999999999998,"end":65.53750566893422},"る":{"start":66.14999999999998,"end":66.63448979591834},"れ":{"start":67.19999999999997,"end":67.6687528344671},"ろ":{"start":68.24999999999999,"end":68.67959183673467},"わ":{"start":69.29999999999998,"end":69.67306122448979},"ん":{"start":70.35,"end":70.70185941043083},"きゃ":{"start":71.39999999999999,"end":71.86065759637188},"きゅ":{"start":72.45,"end":72.89308390022676},"きょ":{"start":73.5,"end":73.81834467120181},"ぎゃ":{"start":74.55,"end":75.01283446712017},"ぎゅ":{"start":75.6,"end":76.09877551020408},"ぎょ":{"start":76.64999999999999,"end":77.00641723356009},"しゃ":{"start":77.69999999999999,"end":78.13437641723355},"しゅ":{"start":78.75,"end":79.2362358276644},"しょ":{"start":79.8,"end":80.12802721088435},"じゃ":{"start":80.85,"end":81.42501133786847},"じゅ":{"start":81.89999999999999,"end":82.40789115646258},"じょ":{"start":82.95,"end":83.38385487528345},"ちゃ":{"start":84,"end":84.48258503401361},"ちゅ":{"start":85.05000000000001,"end":85.55000000000001},"ちょ":{"start":86.10000000000001,"end":86.51922902494331},"にゃ":{"start":87.15,"end":87.80625850340137},"にゅ":{"start":88.2,"end":88.76775510204082},"にょ":{"start":89.25,"end":89.70530612244897},"ひゃ":{"start":90.3,"end":90.83639455782313},"ひゅ":{"start":91.35,"end":91.87721088435373},"ひょ":{"start":92.39999999999999,"end":92.88496598639455},"びゃ":{"start":93.44999999999999,"end":93.91054421768706},"びゅ":{"start":94.49999999999999,"end":95.07501133786846},"びょ":{"start":95.54999999999998,"end":95.97437641723354},"ぴゃ":{"start":96.59999999999998,"end":97.17501133786845},"ぴゅ":{"start":97.64999999999998,"end":98.14999999999998},"ぴょ":{"start":98.69999999999997,"end":99.14802721088432},"みゃ":{"start":99.74999999999997,"end":100.44999999999997},"みゅ":{"start":100.79999999999997,"end":101.4003401360544},"みょ":{"start":101.84999999999998,"end":102.34297052154193},"りゃ":{"start":102.89999999999998,"end":103.57272108843536},"りゅ":{"start":103.94999999999999,"end":104.54684807256234},"りょ":{"start":104.99999999999999,"end":105.47798185941042}}