{
  "あ": {
    "start": 0,
    "end": 0.2750208333333333
  },
  "い": {
    "start": 0.3250208333333333,
    "end": 0.6505833333333333
  },
  "う": {
    "start": 0.7005833333333333,
    "end": 1.0130625
  },
  "え": {
    "start": 1.0630625,
    "end": 1.3876875
  },
  "お": {
    "start": 1.4376875,
    "end": 1.665875
  },
  "か": {
    "start": 1.715875,
    "end": 2.076208333333333
  },
  "が": {
    "start": 2.1262083333333335,
    "end": 2.4367916666666667
  },
  "き": {
    "start": 2.4867916666666665,
    "end": 2.810770833333333
  },
  "ぎ": {
    "start": 2.8607708333333335,
    "end": 3.2222708333333334
  },
  "く": {
    "start": 3.2722708333333332,
    "end": 3.5713333333333335
  },
  "ぐ": {
    "start": 3.6213333333333333,
    "end": 4.058833333333333
  },
  "け": {
    "start": 4.108833333333333,
    "end": 4.422979166666667
  },
  "げ": {
    "start": 4.472979166666667,
    "end": 4.797833333333333
  },
  "こ": {
    "start": 4.847833333333333,
    "end": 5.062625
  },
  "ご": {
    "start": 5.112625,
    "end": 5.361625
  },
  "さ": {
    "start": 5.411625,
    "end": 5.7975625
  },
  "ざ": {
    "start": 5.8475625,
    "end": 6.2396666666666665
  },
  "し": {
    "start": 6.289666666666666,
    "end": 6.744770833333333
  },
  "じ": {
    "start": 6.794770833333334,
    "end": 7.248020833333333
  },
  "す": {
    "start": 7.298020833333333,
    "end": 7.766770833333333
  },
  "ず": {
    "start": 7.816770833333333,
    "end": 8.220708333333333
  },
  "せ": {
    "start": 8.270708333333333,
    "end": 8.70625
  },
  "ぜ": {
    "start": 8.75625,
    "end": 9.116291666666667
  },
  "そ": {
    "start": 9.166291666666666,
    "end": 9.545916666666667
  },
  "ぞ": {
    "start": 9.595916666666668,
    "end": 9.890645833333334
  },
  "た": {
    "start": 9.940645833333333,
    "end": 10.2751875
  },
  "だ": {
    "start": 10.3251875,
    "end": 10.6590625
  },
  "ち": {
    "start": 10.7090625,
    "end": 11.044791666666667
  },
  "つ": {
    "start": 11.094791666666667,
    "end": 11.464395833333333
  },
  "て": {
    "start": 11.514395833333333,
    "end": 11.805583333333333
  },
  "で": {
    "start": 11.855583333333334,
    "end": 12.1745
  },
  "と": {
    "start": 12.2245,
    "end": 12.454
  },
  "ど": {
    "start": 12.504,
    "end": 12.75525
  },
  "な": {
    "start": 12.80525,
    "end": 13.2595
  },
  "に": {
    "start": 13.3095,
    "end": 13.711291666666666
  },
  "ぬ": {
    "start": 13.761291666666667,
    "end": 14.130708333333333
  },
  "ね": {
    "start": 14.180708333333333,
    "end": 14.520895833333332
  },
  "の": {
    "start": 14.570895833333333,
    "end": 14.859125
  },
  "は": {
    "start": 14.909125,
    "end": 15.1673125
  },
  "ば": {
    "start": 15.2173125,
    "end": 15.548666666666668
  },
  "ぱ": {
    "start": 15.598666666666666,
    "end": 15.959208333333333
  },
  "ひ": {
    "start": 16.009208333333333,
    "end": 16.282020833333334
  },
  "び": {
    "start": 16.332020833333335,
    "end": 16.690770833333332
  },
  "ぴ": {
    "start": 16.740770833333332,
    "end": 17.168020833333333
  },
  "ふ": {
    "start": 17.218020833333334,
    "end": 17.522125
  },
  "ぶ": {
    "start": 17.572125,
    "end": 17.928479166666666
  },
  "ぷ": {
    "start": 17.978479166666666,
    "end": 18.2803125
  },
  "へ": {
    "start": 18.3303125,
    "end": 18.632416666666668
  },
  "べ": {
    "start": 18.682416666666665,
    "end": 19.044916666666666
  },
  "ぺ": {
    "start": 19.094916666666666,
    "end": 19.356291666666667
  },
  "ほ": {
    "start": 19.406291666666668,
    "end": 19.630875
  },
  "ぼ": {
    "start": 19.680875,
    "end": 19.949375
  },
  "ぽ": {
    "start": 19.999375,
    "end": 20.263666666666666
  },
  "ま": {
    "start": 20.313666666666666,
    "end": 20.7651875
  },
  "み": {
    "start": 20.8151875,
    "end": 21.22375
  },
  "む": {
    "start": 21.27375,
    "end": 21.640041666666665
  },
  "め": {
    "start": 21.690041666666666,
    "end": 22.09225
  },
  "も": {
    "start": 22.14225,
    "end": 22.498645833333335
  },
  "や": {
    "start": 22.54864583333333,
    "end": 23.009395833333333
  },
  "ゆ": {
    "start": 23.059395833333333,
    "end": 23.469791666666666
  },
  "よ": {
    "start": 23.519791666666666,
    "end": 23.866645833333333
  },
  "ら": {
    "start": 23.916645833333334,
    "end": 24.351395833333335
  },
  "り": {
    "start": 24.401395833333332,
    "end": 24.795166666666667
  },
  "る": {
    "start": 24.845166666666668,
    "end": 25.260916666666667
  },
  "れ": {
    "start": 25.310916666666667,
    "end": 25.711875
  },
  "ろ": {
    "start": 25.761875,
    "end": 26.099708333333332
  },
  "わ": {
    "start": 26.149708333333333,
    "end": 26.470375
  },
  "ん": {
    "start": 26.520375,
    "end": 26.7805625
  },
  "きゃ": {
    "start": 26.8305625,
    "end": 27.261708333333335
  },
  "きゅ": {
    "start": 27.311708333333332,
    "end": 27.683354166666668
  },
  "きょ": {
    "start": 27.73335416666667,
    "end": 28.004270833333333
  },
  "ぎゃ": {
    "start": 28.054270833333334,
    "end": 28.488916666666668
  },
  "ぎゅ": {
    "start": 28.538916666666665,
    "end": 28.944958333333332
  },
  "ぎょ": {
    "start": 28.994958333333333,
    "end": 29.275979166666666
  },
  "しゃ": {
    "start": 29.325979166666666,
    "end": 29.710354166666665
  },
  "しゅ": {
    "start": 29.760354166666666,
    "end": 30.242333333333335
  },
  "しょ": {
    "start": 30.292333333333332,
    "end": 30.597125
  },
  "じゃ": {
    "start": 30.647125,
    "end": 31.0131875
  },
  "じゅ": {
    "start": 31.0631875,
    "end": 31.4220625
  },
  "じょ": {
    "start": 31.4720625,
    "end": 31.814875
  },
  "ちゃ": {
    "start": 31.864875,
    "end": 32.25020833333333
  },
  "ちゅ": {
    "start": 32.30020833333333,
    "end": 32.7526875
  },
  "ちょ": {
    "start": 32.8026875,
    "end": 33.100854166666664
  },
  "にゃ": {
    "start": 33.15085416666667,
    "end": 33.800916666666666
  },
  "にゅ": {
    "start": 33.85091666666667,
    "end": 34.348875
  },
  "にょ": {
    "start": 34.398875,
    "end": 34.766979166666665
  },
  "ひゃ": {
    "start": 34.81697916666667,
    "end": 35.2275625
  },
  "ひゅ": {
    "start": 35.2775625,
    "end": 35.6869375
  },
  "ひょ": {
    "start": 35.7369375,
    "end": 36.08891666666667
  },
  "びゃ": {
    "start": 36.13891666666667,
    "end": 36.55285416666667
  },
  "びゅ": {
    "start": 36.60285416666667,
    "end": 37.0071875
  },
  "びょ": {
    "start": 37.0571875,
    "end": 37.406020833333336
  },
  "ぴゃ": {
    "start": 37.45602083333333,
    "end": 37.8104375
  },
  "ぴゅ": {
    "start": 37.8604375,
    "end": 38.199041666666666
  },
  "ぴょ": {
    "start": 38.24904166666666,
    "end": 38.58045833333333
  },
  "みゃ": {
    "start": 38.63045833333333,
    "end": 39.22477083333333
  },
  "みゅ": {
    "start": 39.274770833333335,
    "end": 39.778729166666665
  },
  "みょ": {
    "start": 39.82872916666667,
    "end": 40.24664583333333
  },
  "りゃ": {
    "start": 40.296645833333336,
    "end": 40.85941666666667
  },
  "りゅ": {
    "start": 40.909416666666665,
    "end": 41.3634375
  },
  "りょ": {
    "start": 41.4134375,
    "end": 41.795520833333335
  }
}