{
  "あ": {
    "start": 0,
    "end": 0.159125
  },
  "い": {
    "start": 0.209125,
    "end": 0.459875
  },
  "う": {
    "start": 0.509875,
    "end": 0.7366041666666666
  },
  "え": {
    "start": 0.7866041666666667,
    "end": 0.9605833333333333
  },
  "お": {
    "start": 1.0105833333333334,
    "end": 1.1641666666666666
  },
  "か": {
    "start": 1.2141666666666666,
    "end": 1.43025
  },
  "が": {
    "start": 1.48025,
    "end": 1.7171458333333334
  },
  "き": {
    "start": 1.7671458333333334,
    "end": 2.033875
  },
  "ぎ": {
    "start": 2.083875,
    "end": 2.310208333333333
  },
  "く": {
    "start": 2.3602083333333335,
    "end": 2.6479166666666667
  },
  "ぐ": {
    "start": 2.6979166666666665,
    "end": 2.925104166666667
  },
  "け": {
    "start": 2.9751041666666667,
    "end": 3.1685208333333335
  },
  "げ": {
    "start": 3.2185208333333333,
    "end": 3.4325208333333332
  },
  "こ": {
    "start": 3.4825208333333335,
    "end": 3.7163541666666666
  },
  "ご": {
    "start": 3.7663541666666664,
    "end": 4.008416666666666
  },
  "さ": {
    "start": 4.058416666666667,
    "end": 4.203166666666666
  },
  "ざ": {
    "start": 4.253166666666667,
    "end": 4.477291666666667
  },
  "し": {
    "start": 4.527291666666667,
    "end": 4.855541666666666
  },
  "じ": {
    "start": 4.905541666666666,
    "end": 5.167291666666666
  },
  "す": {
    "start": 5.217291666666667,
    "end": 5.5863958333333334
  },
  "ず": {
    "start": 5.636395833333333,
    "end": 5.8956875
  },
  "せ": {
    "start": 5.9456875,
    "end": 6.227895833333333
  },
  "ぜ": {
    "start": 6.277895833333333,
    "end": 6.5081875
  },
  "そ": {
    "start": 6.5581875,
    "end": 6.778979166666667
  },
  "ぞ": {
    "start": 6.828979166666667,
    "end": 7.040770833333333
  },
  "た": {
    "start": 7.090770833333333,
    "end": 7.276041666666667
  },
  "だ": {
    "start": 7.326041666666667,
    "end": 7.521270833333333
  },
  "ち": {
    "start": 7.571270833333333,
    "end": 7.8836875
  },
  "つ": {
    "start": 7.9336875,
    "end": 8.2065
  },
  "て": {
    "start": 8.2565,
    "end": 8.429791666666667
  },
  "で": {
    "start": 8.479791666666667,
    "end": 8.719125
  },
  "と": {
    "start": 8.769125,
    "end": 8.961333333333334
  },
  "ど": {
    "start": 9.011333333333333,
    "end": 9.231583333333333
  },
  "な": {
    "start": 9.281583333333334,
    "end": 9.567604166666667
  },
  "に": {
    "start": 9.617604166666666,
    "end": 9.865583333333333
  },
  "ぬ": {
    "start": 9.915583333333334,
    "end": 10.159520833333334
  },
  "ね": {
    "start": 10.209520833333332,
    "end": 10.471583333333333
  },
  "の": {
    "start": 10.521583333333334,
    "end": 10.745625
  },
  "は": {
    "start": 10.795625,
    "end": 10.999020833333333
  },
  "ば": {
    "start": 11.049020833333334,
    "end": 11.248708333333333
  },
  "ぱ": {
    "start": 11.298708333333334,
    "end": 11.4815
  },
  "ひ": {
    "start": 11.5315,
    "end": 11.918958333333334
  },
  "び": {
    "start": 11.968958333333333,
    "end": 12.1771875
  },
  "ぴ": {
    "start": 12.2271875,
    "end": 12.413854166666667
  },
  "ふ": {
    "start": 12.463854166666666,
    "end": 12.701708333333332
  },
  "ぶ": {
    "start": 12.751708333333333,
    "end": 12.961666666666666
  },
  "ぷ": {
    "start": 13.011666666666667,
    "end": 13.213145833333334
  },
  "へ": {
    "start": 13.263145833333333,
    "end": 13.523729166666667
  },
  "べ": {
    "start": 13.573729166666666,
    "end": 13.8196875
  },
  "ぺ": {
    "start": 13.8696875,
    "end": 14.0709375
  },
  "ほ": {
    "start": 14.1209375,
    "end": 14.336291666666666
  },
  "ぼ": {
    "start": 14.386291666666667,
    "end": 14.604708333333333
  },
  "ぽ": {
    "start": 14.654708333333334,
    "end": 14.83975
  },
  "ま": {
    "start": 14.88975,
    "end": 15.120020833333333
  },
  "み": {
    "start": 15.170020833333334,
    "end": 15.459104166666666
  },
  "む": {
    "start": 15.509104166666667,
    "end": 15.745083333333334
  },
  "め": {
    "start": 15.795083333333332,
    "end": 16.058333333333334
  },
  "も": {
    "start": 16.108333333333334,
    "end": 16.369875
  },
  "や": {
    "start": 16.419875,
    "end": 16.674791666666668
  },
  "ゆ": {
    "start": 16.72479166666667,
    "end": 16.971458333333334
  },
  "よ": {
    "start": 17.02145833333333,
    "end": 17.312479166666666
  },
  "ら": {
    "start": 17.362479166666667,
    "end": 17.575416666666666
  },
  "り": {
    "start": 17.625416666666666,
    "end": 17.83845833333333
  },
  "る": {
    "start": 17.888458333333332,
    "end": 18.124479166666667
  },
  "れ": {
    "start": 18.174479166666668,
    "end": 18.412145833333334
  },
  "ろ": {
    "start": 18.462145833333334,
    "end": 18.6929375
  },
  "わ": {
    "start": 18.7429375,
    "end": 18.973604166666668
  },
  "ん": {
    "start": 19.023604166666665,
    "end": 19.245583333333332
  },
  "きゃ": {
    "start": 19.295583333333333,
    "end": 19.502875
  },
  "きゅ": {
    "start": 19.552875,
    "end": 19.852875
  },
  "きょ": {
    "start": 19.902875,
    "end": 20.1645
  },
  "ぎゃ": {
    "start": 20.2145,
    "end": 20.457416666666667
  },
  "ぎゅ": {
    "start": 20.507416666666668,
    "end": 20.805895833333334
  },
  "ぎょ": {
    "start": 20.855895833333335,
    "end": 21.0788125
  },
  "しゃ": {
    "start": 21.1288125,
    "end": 21.438770833333333
  },
  "しゅ": {
    "start": 21.488770833333334,
    "end": 21.887375
  },
  "しょ": {
    "start": 21.937375,
    "end": 22.307125
  },
  "じゃ": {
    "start": 22.357125,
    "end": 22.608916666666666
  },
  "じゅ": {
    "start": 22.658916666666666,
    "end": 22.918104166666666
  },
  "じょ": {
    "start": 22.968104166666667,
    "end": 23.217791666666667
  },
  "ちゃ": {
    "start": 23.267791666666668,
    "end": 23.524645833333334
  },
  "ちゅ": {
    "start": 23.574645833333335,
    "end": 23.875770833333334
  },
  "ちょ": {
    "start": 23.925770833333335,
    "end": 24.160875
  },
  "にゃ": {
    "start": 24.210875,
    "end": 24.4624375
  },
  "にゅ": {
    "start": 24.5124375,
    "end": 24.7734375
  },
  "にょ": {
    "start": 24.8234375,
    "end": 25.109625
  },
  "ひゃ": {
    "start": 25.159625,
    "end": 25.429645833333332
  },
  "ひゅ": {
    "start": 25.479645833333333,
    "end": 25.83010416666667
  },
  "ひょ": {
    "start": 25.880104166666666,
    "end": 26.149083333333333
  },
  "びゃ": {
    "start": 26.199083333333334,
    "end": 26.455729166666668
  },
  "びゅ": {
    "start": 26.505729166666665,
    "end": 26.76225
  },
  "びょ": {
    "start": 26.81225,
    "end": 27.029395833333332
  },
  "ぴゃ": {
    "start": 27.079395833333333,
    "end": 27.303395833333333
  },
  "ぴゅ": {
    "start": 27.353395833333334,
    "end": 27.744854166666666
  },
  "ぴょ": {
    "start": 27.794854166666667,
    "end": 28.025916666666667
  },
  "みゃ": {
    "start": 28.075916666666668,
    "end": 28.3489375
  },
  "みゅ": {
    "start": 28.3989375,
    "end": 28.731041666666666
  },
  "みょ": {
    "start": 28.781041666666667,
    "end": 29.050625
  },
  "りゃ": {
    "start": 29.100625,
    "end": 29.407666666666668
  },
  "りゅ": {
    "start": 29.457666666666668,
    "end": 29.787625
  },
  "りょ": {
    "start": 29.837625,
    "end": 30.1655
  }
}