{
  "あ": {
    "start": 0,
    "end": 0.159125
  },
  "い": {
    "start": 0.209125,
    "end": 0.459875
  },
  "う": {
    "start": 0.509875,
    "end": 0.7366041666666666
  },
  "え": {
    "start": 0.7866041666666667,
    "end": 0.9605833333333333
  },
  "お": {
    "start": 1.0105833333333334,
    "end": 1.1641666666666666
  },
  "か": {
    "start": 1.2141666666666666,
    "end": 1.43025
  },
  "き": {
    "start": 1.48025,
    "end": 1.7469791666666667
  },
  "く": {
    "start": 1.7969791666666666,
    "end": 2.0846875
  },
  "け": {
    "start": 2.1346875,
    "end": 2.328104166666667
  },
  "こ": {
    "start": 2.3781041666666667,
    "end": 2.6119375
  },
  "さ": {
    "start": 2.6619375,
    "end": 2.8066875
  },
  "し": {
    "start": 2.8566875,
    "end": 3.1849375
  },
  "す": {
    "start": 3.2349375,
    "end": 3.604041666666667
  },
  "せ": {
    "start": 3.6540416666666666,
    "end": 3.93625
  },
  "そ": {
    "start": 3.98625,
    "end": 4.207041666666667
  },
  "た": {
    "start": 4.257041666666667,
    "end": 4.4423125
  },
  "ち": {
    "start": 4.4923125,
    "end": 4.804729166666666
  },
  "つ": {
    "start": 4.854729166666667,
    "end": 5.127541666666667
  },
  "て": {
    "start": 5.1775416666666665,
    "end": 5.350833333333333
  },
  "と": {
    "start": 5.400833333333333,
    "end": 5.593041666666666
  },
  "な": {
    "start": 5.643041666666667,
    "end": 5.9290625
  },
  "に": {
    "start": 5.9790625,
    "end": 6.227041666666667
  },
  "ぬ": {
    "start": 6.277041666666666,
    "end": 6.520979166666667
  },
  "ね": {
    "start": 6.570979166666667,
    "end": 6.8330416666666665
  },
  "の": {
    "start": 6.883041666666666,
    "end": 7.107083333333334
  },
  "は": {
    "start": 7.1570833333333335,
    "end": 7.360479166666667
  },
  "ひ": {
    "start": 7.410479166666667,
    "end": 7.7979375
  },
  "ふ": {
    "start": 7.8479375,
    "end": 8.085791666666667
  },
  "へ": {
    "start": 8.135791666666666,
    "end": 8.396375
  },
  "ほ": {
    "start": 8.446375,
    "end": 8.661729166666667
  },
  "ま": {
    "start": 8.711729166666666,
    "end": 8.942
  },
  "み": {
    "start": 8.992,
    "end": 9.281083333333333
  },
  "む": {
    "start": 9.331083333333334,
    "end": 9.5670625
  },
  "め": {
    "start": 9.6170625,
    "end": 9.8803125
  },
  "も": {
    "start": 9.9303125,
    "end": 10.191854166666667
  },
  "や": {
    "start": 10.241854166666666,
    "end": 10.496770833333333
  },
  "ゆ": {
    "start": 10.546770833333333,
    "end": 10.7934375
  },
  "よ": {
    "start": 10.8434375,
    "end": 11.134458333333333
  },
  "ら": {
    "start": 11.184458333333334,
    "end": 11.397395833333333
  },
  "り": {
    "start": 11.447395833333333,
    "end": 11.6604375
  },
  "る": {
    "start": 11.7104375,
    "end": 11.946458333333334
  },
  "れ": {
    "start": 11.996458333333333,
    "end": 12.234125
  },
  "ろ": {
    "start": 12.284125,
    "end": 12.514916666666666
  },
  "わ": {
    "start": 12.564916666666667,
    "end": 12.795583333333333
  },
  "ん": {
    "start": 12.845583333333334,
    "end": 13.0675625
  },
  "が": {
    "start": 13.1175625,
    "end": 13.354458333333334
  },
  "きゃ": {
    "start": 13.404458333333332,
    "end": 13.61175
  },
  "きゅ": {
    "start": 13.66175,
    "end": 13.96175
  },
  "きょ": {
    "start": 14.01175,
    "end": 14.273375
  },
  "ぎ": {
    "start": 14.323375,
    "end": 14.549708333333333
  },
  "ぎゃ": {
    "start": 14.599708333333334,
    "end": 14.842625
  },
  "ぎゅ": {
    "start": 14.892625,
    "end": 15.191104166666667
  },
  "ぎょ": {
    "start": 15.241104166666666,
    "end": 15.464020833333333
  },
  "ぐ": {
    "start": 15.514020833333333,
    "end": 15.741208333333333
  },
  "げ": {
    "start": 15.791208333333334,
    "end": 16.005229166666666
  },
  "ご": {
    "start": 16.055229166666667,
    "end": 16.297291666666666
  },
  "ざ": {
    "start": 16.347291666666667,
    "end": 16.571416666666668
  },
  "しゃ": {
    "start": 16.621416666666665,
    "end": 16.931375
  },
  "しゅ": {
    "start": 16.981375,
    "end": 17.379979166666665
  },
  "しょ": {
    "start": 17.429979166666666,
    "end": 17.799729166666665
  },
  "じ": {
    "start": 17.849729166666666,
    "end": 18.111479166666665
  },
  "じゃ": {
    "start": 18.161479166666666,
    "end": 18.413270833333332
  },
  "じゅ": {
    "start": 18.463270833333333,
    "end": 18.722458333333332
  },
  "じょ": {
    "start": 18.772458333333333,
    "end": 19.022145833333333
  },
  "ず": {
    "start": 19.072145833333334,
    "end": 19.3314375
  },
  "ぜ": {
    "start": 19.3814375,
    "end": 19.611729166666667
  },
  "ぞ": {
    "start": 19.661729166666667,
    "end": 19.873520833333334
  },
  "だ": {
    "start": 19.923520833333335,
    "end": 20.11875
  },
  "ちゃ": {
    "start": 20.16875,
    "end": 20.425604166666666
  },
  "ちゅ": {
    "start": 20.475604166666667,
    "end": 20.776729166666666
  },
  "ちょ": {
    "start": 20.826729166666667,
    "end": 21.061833333333333
  },
  "で": {
    "start": 21.111833333333333,
    "end": 21.351166666666668
  },
  "ど": {
    "start": 21.401166666666665,
    "end": 21.621416666666665
  },
  "にゃ": {
    "start": 21.671416666666666,
    "end": 21.922979166666668
  },
  "にゅ": {
    "start": 21.972979166666665,
    "end": 22.233979166666668
  },
  "にょ": {
    "start": 22.283979166666665,
    "end": 22.570166666666665
  },
  "ば": {
    "start": 22.620166666666666,
    "end": 22.819854166666666
  },
  "ぱ": {
    "start": 22.869854166666666,
    "end": 23.052645833333333
  },
  "ひゃ": {
    "start": 23.102645833333334,
    "end": 23.372666666666667
  },
  "ひゅ": {
    "start": 23.422666666666668,
    "end": 23.773125
  },
  "ひょ": {
    "start": 23.823125,
    "end": 24.092104166666665
  },
  "び": {
    "start": 24.142104166666666,
    "end": 24.35033333333333
  },
  "ぴ": {
    "start": 24.400333333333332,
    "end": 24.587
  },
  "びゃ": {
    "start": 24.637,
    "end": 24.893645833333334
  },
  "びゅ": {
    "start": 24.943645833333335,
    "end": 25.200166666666668
  },
  "びょ": {
    "start": 25.250166666666665,
    "end": 25.4673125
  },
  "ぴゃ": {
    "start": 25.5173125,
    "end": 25.7413125
  },
  "ぴゅ": {
    "start": 25.7913125,
    "end": 26.182770833333333
  },
  "ぴょ": {
    "start": 26.232770833333333,
    "end": 26.463833333333334
  },
  "ぶ": {
    "start": 26.513833333333334,
    "end": 26.723791666666667
  },
  "ぷ": {
    "start": 26.773791666666668,
    "end": 26.975270833333333
  },
  "べ": {
    "start": 27.025270833333334,
    "end": 27.271229166666668
  },
  "ぺ": {
    "start": 27.321229166666665,
    "end": 27.522479166666667
  },
  "ぼ": {
    "start": 27.572479166666668,
    "end": 27.790895833333334
  },
  "ぽ": {
    "start": 27.840895833333335,
    "end": 28.0259375
  },
  "みゃ": {
    "start": 28.0759375,
    "end": 28.348958333333332
  },
  "みゅ": {
    "start": 28.398958333333333,
    "end": 28.7310625
  },
  "みょ": {
    "start": 28.7810625,
    "end": 29.050645833333334
  },
  "りゃ": {
    "start": 29.100645833333335,
    "end": 29.4076875
  },
  "りゅ": {
    "start": 29.4576875,
    "end": 29.787645833333332
  },
  "りょ": {
    "start": 29.837645833333333,
    "end": 30.165520833333332
  }
}