{
  "あ": {
    "start": 0,
    "end": 0.21483333333333332
  },
  "い": {
    "start": 0.2648333333333333,
    "end": 0.487125
  },
  "う": {
    "start": 0.537125,
    "end": 0.7975
  },
  "え": {
    "start": 0.8475,
    "end": 1.0795625
  },
  "お": {
    "start": 1.1295625,
    "end": 1.3646875
  },
  "か": {
    "start": 1.4146875,
    "end": 1.6769583333333333
  },
  "が": {
    "start": 1.7269583333333334,
    "end": 1.9537708333333332
  },
  "き": {
    "start": 2.0037708333333333,
    "end": 2.27925
  },
  "ぎ": {
    "start": 2.32925,
    "end": 2.582479166666667
  },
  "く": {
    "start": 2.6324791666666667,
    "end": 2.9042083333333335
  },
  "ぐ": {
    "start": 2.9542083333333333,
    "end": 3.163875
  },
  "け": {
    "start": 3.213875,
    "end": 3.4696666666666665
  },
  "げ": {
    "start": 3.5196666666666667,
    "end": 3.7372708333333335
  },
  "こ": {
    "start": 3.7872708333333334,
    "end": 4.012770833333334
  },
  "ご": {
    "start": 4.062770833333333,
    "end": 4.2963125
  },
  "さ": {
    "start": 4.3463125,
    "end": 4.55925
  },
  "ざ": {
    "start": 4.60925,
    "end": 4.863854166666667
  },
  "し": {
    "start": 4.913854166666667,
    "end": 5.221
  },
  "じ": {
    "start": 5.271,
    "end": 5.549625
  },
  "す": {
    "start": 5.599625,
    "end": 5.960375
  },
  "ず": {
    "start": 6.010375,
    "end": 6.288333333333333
  },
  "せ": {
    "start": 6.338333333333333,
    "end": 6.5849375
  },
  "ぜ": {
    "start": 6.6349375,
    "end": 6.891416666666666
  },
  "そ": {
    "start": 6.941416666666667,
    "end": 7.1673125
  },
  "ぞ": {
    "start": 7.2173125,
    "end": 7.4638333333333335
  },
  "た": {
    "start": 7.513833333333333,
    "end": 7.772
  },
  "だ": {
    "start": 7.822,
    "end": 8.062791666666667
  },
  "ち": {
    "start": 8.112791666666666,
    "end": 8.39375
  },
  "つ": {
    "start": 8.44375,
    "end": 8.719270833333333
  },
  "て": {
    "start": 8.769270833333334,
    "end": 8.979479166666666
  },
  "で": {
    "start": 9.029479166666667,
    "end": 9.2693125
  },
  "と": {
    "start": 9.3193125,
    "end": 9.5275625
  },
  "ど": {
    "start": 9.5775625,
    "end": 9.7856875
  },
  "な": {
    "start": 9.8356875,
    "end": 10.095875
  },
  "に": {
    "start": 10.145875,
    "end": 10.416958333333334
  },
  "ぬ": {
    "start": 10.466958333333332,
    "end": 10.756645833333334
  },
  "ね": {
    "start": 10.806645833333333,
    "end": 11.069208333333334
  },
  "の": {
    "start": 11.119208333333333,
    "end": 11.365958333333333
  },
  "は": {
    "start": 11.415958333333334,
    "end": 11.685895833333333
  },
  "ば": {
    "start": 11.735895833333334,
    "end": 11.980645833333334
  },
  "ぱ": {
    "start": 12.030645833333333,
    "end": 12.2878125
  },
  "ひ": {
    "start": 12.3378125,
    "end": 12.603458333333334
  },
  "び": {
    "start": 12.653458333333333,
    "end": 12.875479166666667
  },
  "ぴ": {
    "start": 12.925479166666667,
    "end": 13.129145833333334
  },
  "ふ": {
    "start": 13.179145833333333,
    "end": 13.4696875
  },
  "ぶ": {
    "start": 13.5196875,
    "end": 13.756
  },
  "ぷ": {
    "start": 13.806,
    "end": 14.0420625
  },
  "へ": {
    "start": 14.0920625,
    "end": 14.319375
  },
  "べ": {
    "start": 14.369375,
    "end": 14.617229166666666
  },
  "ぺ": {
    "start": 14.667229166666667,
    "end": 14.926958333333333
  },
  "ほ": {
    "start": 14.976958333333334,
    "end": 15.172645833333334
  },
  "ぼ": {
    "start": 15.222645833333333,
    "end": 15.424333333333333
  },
  "ぽ": {
    "start": 15.474333333333334,
    "end": 15.697729166666667
  },
  "ま": {
    "start": 15.747729166666666,
    "end": 16.0203125
  },
  "み": {
    "start": 16.0703125,
    "end": 16.2933125
  },
  "む": {
    "start": 16.3433125,
    "end": 16.6039375
  },
  "め": {
    "start": 16.6539375,
    "end": 16.897020833333332
  },
  "も": {
    "start": 16.947020833333333,
    "end": 17.1679375
  },
  "や": {
    "start": 17.2179375,
    "end": 17.4725625
  },
  "ゆ": {
    "start": 17.5225625,
    "end": 17.759604166666666
  },
  "よ": {
    "start": 17.809604166666666,
    "end": 18.0299375
  },
  "ら": {
    "start": 18.0799375,
    "end": 18.336
  },
  "り": {
    "start": 18.386,
    "end": 18.6634375
  },
  "る": {
    "start": 18.7134375,
    "end": 19.016333333333332
  },
  "れ": {
    "start": 19.066333333333333,
    "end": 19.316270833333334
  },
  "ろ": {
    "start": 19.366270833333335,
    "end": 19.61575
  },
  "わ": {
    "start": 19.66575,
    "end": 19.925145833333332
  },
  "ん": {
    "start": 19.975145833333332,
    "end": 20.239875
  },
  "きゃ": {
    "start": 20.289875,
    "end": 20.53247916666667
  },
  "きゅ": {
    "start": 20.582479166666666,
    "end": 20.809
  },
  "きょ": {
    "start": 20.859,
    "end": 21.088916666666666
  },
  "ぎゃ": {
    "start": 21.138916666666667,
    "end": 21.34347916666667
  },
  "ぎゅ": {
    "start": 21.393479166666665,
    "end": 21.648291666666665
  },
  "ぎょ": {
    "start": 21.698291666666666,
    "end": 21.91725
  },
  "しゃ": {
    "start": 21.96725,
    "end": 22.239208333333334
  },
  "しゅ": {
    "start": 22.289208333333335,
    "end": 22.626958333333334
  },
  "しょ": {
    "start": 22.676958333333335,
    "end": 22.915416666666665
  },
  "じゃ": {
    "start": 22.965416666666666,
    "end": 23.192291666666666
  },
  "じゅ": {
    "start": 23.242291666666667,
    "end": 23.484416666666668
  },
  "じょ": {
    "start": 23.534416666666665,
    "end": 23.75808333333333
  },
  "ちゃ": {
    "start": 23.808083333333332,
    "end": 24.032770833333334
  },
  "ちゅ": {
    "start": 24.082770833333335,
    "end": 24.367916666666666
  },
  "ちょ": {
    "start": 24.417916666666667,
    "end": 24.635604166666667
  },
  "にゃ": {
    "start": 24.685604166666668,
    "end": 24.946604166666667
  },
  "にゅ": {
    "start": 24.996604166666668,
    "end": 25.258958333333332
  },
  "にょ": {
    "start": 25.308958333333333,
    "end": 25.537791666666667
  },
  "ひゃ": {
    "start": 25.587791666666668,
    "end": 25.820395833333333
  },
  "ひゅ": {
    "start": 25.870395833333333,
    "end": 26.120583333333332
  },
  "ひょ": {
    "start": 26.170583333333333,
    "end": 26.405833333333334
  },
  "びゃ": {
    "start": 26.455833333333334,
    "end": 26.646333333333335
  },
  "びゅ": {
    "start": 26.69633333333333,
    "end": 26.929770833333333
  },
  "びょ": {
    "start": 26.979770833333333,
    "end": 27.189854166666667
  },
  "ぴゃ": {
    "start": 27.239854166666667,
    "end": 27.44708333333333
  },
  "ぴゅ": {
    "start": 27.497083333333332,
    "end": 27.756833333333333
  },
  "ぴょ": {
    "start": 27.806833333333334,
    "end": 27.990229166666666
  },
  "みゃ": {
    "start": 28.040229166666666,
    "end": 28.2896875
  },
  "みゅ": {
    "start": 28.3396875,
    "end": 28.587895833333334
  },
  "みょ": {
    "start": 28.637895833333335,
    "end": 28.891416666666668
  },
  "りゃ": {
    "start": 28.941416666666665,
    "end": 29.148354166666667
  },
  "りゅ": {
    "start": 29.198354166666668,
    "end": 29.427
  },
  "りょ": {
    "start": 29.477,
    "end": 29.70925
  }
}