{
  "resources": [
    "result.wav"
  ],
  "spritemap": {
    "あ": {
      "start": 0,
      "end": 0.24834467120181405,
      "loop": false
    },
    "い": {
      "start": 1.05,
      "end": 1.5515419501133787,
      "loop": false
    },
    "う": {
      "start": 2.1,
      "end": 2.3905895691609977,
      "loop": false
    },
    "え": {
      "start": 3.1500000000000004,
      "end": 3.3877551020408165,
      "loop": false
    },
    "お": {
      "start": 4.2,
      "end": 4.395668934240363,
      "loop": false
    },
    "か": {
      "start": 5.25,
      "end": 5.499410430839002,
      "loop": false
    },
    "が": {
      "start": 6.3,
      "end": 6.593764172335601,
      "loop": false
    },
    "き": {
      "start": 7.3500000000000005,
      "end": 7.760839002267574,
      "loop": false
    },
    "ぎ": {
      "start": 8.4,
      "end": 8.818775510204082,
      "loop": false
    },
    "く": {
      "start": 9.450000000000001,
      "end": 9.774172335600909,
      "loop": false
    },
    "ぐ": {
      "start": 10.500000000000002,
      "end": 10.972448979591839,
      "loop": false
    },
    "け": {
      "start": 11.550000000000002,
      "end": 11.839455782312928,
      "loop": false
    },
    "げ": {
      "start": 12.600000000000003,
      "end": 12.915147392290253,
      "loop": false
    },
    "こ": {
      "start": 13.650000000000004,
      "end": 13.923741496598643,
      "loop": false
    },
    "ご": {
      "start": 14.700000000000003,
      "end": 14.984965986394561,
      "loop": false
    },
    "さ": {
      "start": 15.750000000000004,
      "end": 16.085487528344675,
      "loop": false
    },
    "ざ": {
      "start": 16.800000000000004,
      "end": 17.07918367346939,
      "loop": false
    },
    "し": {
      "start": 17.85,
      "end": 18.29027210884354,
      "loop": false
    },
    "じ": {
      "start": 18.900000000000002,
      "end": 19.35,
      "loop": false
    },
    "す": {
      "start": 19.950000000000003,
      "end": 20.475011337868484,
      "loop": false
    },
    "ず": {
      "start": 21.000000000000004,
      "end": 21.311927437641728,
      "loop": false
    },
    "せ": {
      "start": 22.050000000000004,
      "end": 22.452358276643995,
      "loop": false
    },
    "ぜ": {
      "start": 23.100000000000005,
      "end": 23.38104308390023,
      "loop": false
    },
    "そ": {
      "start": 24.150000000000006,
      "end": 24.535918367346945,
      "loop": false
    },
    "ぞ": {
      "start": 25.200000000000006,
      "end": 25.46585034013606,
      "loop": false
    },
    "た": {
      "start": 26.250000000000007,
      "end": 26.46002267573697,
      "loop": false
    },
    "だ": {
      "start": 27.300000000000008,
      "end": 27.539002267573704,
      "loop": false
    },
    "ち": {
      "start": 28.35000000000001,
      "end": 28.747460317460327,
      "loop": false
    },
    "ぢ": {
      "start": 29.40000000000001,
      "end": 29.942154195011348,
      "loop": false
    },
    "つ": {
      "start": 30.45000000000001,
      "end": 30.85419501133788,
      "loop": false
    },
    "づ": {
      "start": 31.50000000000001,
      "end": 32.033990929705226,
      "loop": false
    },
    "て": {
      "start": 32.55000000000001,
      "end": 32.81535147392292,
      "loop": false
    },
    "で": {
      "start": 33.600000000000016,
      "end": 33.910566893424054,
      "loop": false
    },
    "と": {
      "start": 34.65000000000002,
      "end": 34.89802721088437,
      "loop": false
    },
    "ど": {
      "start": 35.70000000000002,
      "end": 35.97700680272111,
      "loop": false
    },
    "な": {
      "start": 36.75000000000002,
      "end": 37.25000000000002,
      "loop": false
    },
    "に": {
      "start": 37.80000000000002,
      "end": 38.20000000000002,
      "loop": false
    },
    "ぬ": {
      "start": 38.850000000000016,
      "end": 39.37555555555557,
      "loop": false
    },
    "ね": {
      "start": 39.90000000000001,
      "end": 40.40000000000001,
      "loop": false
    },
    "の": {
      "start": 40.95000000000001,
      "end": 41.52501133786849,
      "loop": false
    },
    "は": {
      "start": 42.000000000000014,
      "end": 42.59505668934242,
      "loop": false
    },
    "ば": {
      "start": 43.05000000000002,
      "end": 43.309841269841286,
      "loop": false
    },
    "ぱ": {
      "start": 44.100000000000016,
      "end": 44.32748299319729,
      "loop": false
    },
    "ひ": {
      "start": 45.15000000000001,
      "end": 45.77501133786849,
      "loop": false
    },
    "び": {
      "start": 46.20000000000001,
      "end": 46.66875283446713,
      "loop": false
    },
    "ぴ": {
      "start": 47.25000000000001,
      "end": 47.53301587301588,
      "loop": false
    },
    "ふ": {
      "start": 48.300000000000004,
      "end": 48.85,
      "loop": false
    },
    "ぶ": {
      "start": 49.35,
      "end": 49.67501133786848,
      "loop": false
    },
    "ぷ": {
      "start": 50.400000000000006,
      "end": 50.729886621315195,
      "loop": false
    },
    "へ": {
      "start": 51.45,
      "end": 52.178820861678005,
      "loop": false
    },
    "べ": {
      "start": 52.5,
      "end": 52.81854875283447,
      "loop": false
    },
    "ぺ": {
      "start": 53.55,
      "end": 53.971723356009065,
      "loop": false
    },
    "ほ": {
      "start": 54.599999999999994,
      "end": 54.97183673469387,
      "loop": false
    },
    "ぼ": {
      "start": 55.65,
      "end": 55.912471655328794,
      "loop": false
    },
    "ぽ": {
      "start": 56.699999999999996,
      "end": 56.93503401360544,
      "loop": false
    },
    "ま": {
      "start": 57.74999999999999,
      "end": 58.0975283446712,
      "loop": false
    },
    "み": {
      "start": 58.8,
      "end": 59.199999999999996,
      "loop": false
    },
    "む": {
      "start": 59.849999999999994,
      "end": 60.55,
      "loop": false
    },
    "め": {
      "start": 60.9,
      "end": 61.425011337868476,
      "loop": false
    },
    "も": {
      "start": 61.949999999999996,
      "end": 62.4,
      "loop": false
    },
    "や": {
      "start": 63,
      "end": 63.36800453514739,
      "loop": false
    },
    "ゆ": {
      "start": 64.05,
      "end": 64.62360544217687,
      "loop": false
    },
    "よ": {
      "start": 65.1,
      "end": 65.55410430839002,
      "loop": false
    },
    "ら": {
      "start": 66.15,
      "end": 66.50591836734695,
      "loop": false
    },
    "り": {
      "start": 67.20000000000002,
      "end": 67.8250113378685,
      "loop": false
    },
    "る": {
      "start": 68.25000000000003,
      "end": 68.75000000000003,
      "loop": false
    },
    "れ": {
      "start": 69.30000000000003,
      "end": 69.85000000000002,
      "loop": false
    },
    "ろ": {
      "start": 70.35000000000002,
      "end": 70.72501133786851,
      "loop": false
    },
    "わ": {
      "start": 71.40000000000003,
      "end": 71.70705215419504,
      "loop": false
    },
    "を": {
      "start": 72.45000000000003,
      "end": 72.75546485260774,
      "loop": false
    },
    "ん": {
      "start": 73.50000000000003,
      "end": 74.23278911564628,
      "loop": false
    }
  }
}