{
  "resources": [
    "result.wav"
  ],
  "spritemap": {
    "あ": {
      "start": 0,
      "end": 0.3325396825396825,
      "loop": false
    },
    "い": {
      "start": 1.05,
      "end": 1.55,
      "loop": false
    },
    "う": {
      "start": 2.1,
      "end": 2.6,
      "loop": false
    },
    "え": {
      "start": 3.1500000000000004,
      "end": 3.7125170068027216,
      "loop": false
    },
    "お": {
      "start": 4.2,
      "end": 4.56390022675737,
      "loop": false
    },
    "か": {
      "start": 5.25,
      "end": 5.793764172335601,
      "loop": false
    },
    "が": {
      "start": 6.300000000000001,
      "end": 6.649977324263039,
      "loop": false
    },
    "き": {
      "start": 7.3500000000000005,
      "end": 8.060340136054423,
      "loop": false
    },
    "ぎ": {
      "start": 8.4,
      "end": 8.9937641723356,
      "loop": false
    },
    "く": {
      "start": 9.45,
      "end": 10.168752834467119,
      "loop": false
    },
    "ぐ": {
      "start": 10.499999999999998,
      "end": 11.0156462585034,
      "loop": false
    },
    "け": {
      "start": 11.549999999999999,
      "end": 12.240861678004535,
      "loop": false
    },
    "げ": {
      "start": 12.6,
      "end": 13.071814058956916,
      "loop": false
    },
    "こ": {
      "start": 13.65,
      "end": 14.11732426303855,
      "loop": false
    },
    "ご": {
      "start": 14.700000000000001,
      "end": 15.038458049886623,
      "loop": false
    },
    "さ": {
      "start": 15.750000000000002,
      "end": 16.356258503401364,
      "loop": false
    },
    "ざ": {
      "start": 16.800000000000004,
      "end": 17.255782312925174,
      "loop": false
    },
    "し": {
      "start": 17.850000000000005,
      "end": 18.537505668934244,
      "loop": false
    },
    "じ": {
      "start": 18.900000000000006,
      "end": 19.384376417233565,
      "loop": false
    },
    "す": {
      "start": 19.950000000000003,
      "end": 20.606258503401364,
      "loop": false
    },
    "ず": {
      "start": 21.000000000000004,
      "end": 21.52587301587302,
      "loop": false
    },
    "せ": {
      "start": 22.050000000000004,
      "end": 22.768752834467126,
      "loop": false
    },
    "ぜ": {
      "start": 23.100000000000005,
      "end": 23.678140589569168,
      "loop": false
    },
    "そ": {
      "start": 24.150000000000006,
      "end": 24.931269841269845,
      "loop": false
    },
    "ぞ": {
      "start": 25.200000000000003,
      "end": 25.631269841269845,
      "loop": false
    },
    "た": {
      "start": 26.250000000000004,
      "end": 27.131269841269845,
      "loop": false
    },
    "だ": {
      "start": 27.300000000000004,
      "end": 27.83820861678005,
      "loop": false
    },
    "ち": {
      "start": 28.350000000000005,
      "end": 29.071609977324268,
      "loop": false
    },
    "ぢ": {
      "start": 29.400000000000006,
      "end": 29.900000000000006,
      "loop": false
    },
    "つ": {
      "start": 30.450000000000006,
      "end": 31.200000000000006,
      "loop": false
    },
    "づ": {
      "start": 31.500000000000007,
      "end": 32.125011337868486,
      "loop": false
    },
    "て": {
      "start": 32.550000000000004,
      "end": 33.48750566893425,
      "loop": false
    },
    "で": {
      "start": 33.60000000000001,
      "end": 34.15625850340137,
      "loop": false
    },
    "と": {
      "start": 34.650000000000006,
      "end": 35.24376417233561,
      "loop": false
    },
    "ど": {
      "start": 35.70000000000001,
      "end": 36.22501133786849,
      "loop": false
    },
    "は": {
      "start": 36.75000000000001,
      "end": 37.180544217687086,
      "loop": false
    },
    "ば": {
      "start": 37.80000000000001,
      "end": 38.14009070294786,
      "loop": false
    },
    "ぱ": {
      "start": 38.850000000000016,
      "end": 39.36564625850342,
      "loop": false
    },
    "ひ": {
      "start": 39.90000000000002,
      "end": 40.68126984126986,
      "loop": false
    },
    "び": {
      "start": 40.95000000000002,
      "end": 41.418752834467135,
      "loop": false
    },
    "ぴ": {
      "start": 42.000000000000014,
      "end": 42.531269841269854,
      "loop": false
    },
    "ふ": {
      "start": 43.05000000000001,
      "end": 43.70571428571429,
      "loop": false
    },
    "ぶ": {
      "start": 44.10000000000001,
      "end": 44.60000000000001,
      "loop": false
    },
    "ぷ": {
      "start": 45.150000000000006,
      "end": 45.55312925170069,
      "loop": false
    },
    "へ": {
      "start": 46.20000000000001,
      "end": 46.91875283446713,
      "loop": false
    },
    "べ": {
      "start": 47.25000000000001,
      "end": 47.718752834467125,
      "loop": false
    },
    "ぺ": {
      "start": 48.300000000000004,
      "end": 48.84689342403629,
      "loop": false
    },
    "ほ": {
      "start": 49.35000000000001,
      "end": 49.98750566893425,
      "loop": false
    },
    "ぼ": {
      "start": 50.400000000000006,
      "end": 50.756666666666675,
      "loop": false
    },
    "ぽ": {
      "start": 51.45000000000001,
      "end": 51.86251700680273,
      "loop": false
    },
    "ま": {
      "start": 52.500000000000014,
      "end": 53.01868480725625,
      "loop": false
    },
    "み": {
      "start": 53.55000000000001,
      "end": 54.30000000000001,
      "loop": false
    },
    "む": {
      "start": 54.60000000000001,
      "end": 55.318480725623594,
      "loop": false
    },
    "め": {
      "start": 55.65000000000001,
      "end": 56.462517006802734,
      "loop": false
    },
    "も": {
      "start": 56.70000000000001,
      "end": 57.160249433106586,
      "loop": false
    },
    "や": {
      "start": 57.75000000000001,
      "end": 58.37188208616781,
      "loop": false
    },
    "ゆ": {
      "start": 58.800000000000004,
      "end": 59.362517006802726,
      "loop": false
    },
    "よ": {
      "start": 59.85,
      "end": 60.25709750566894,
      "loop": false
    },
    "ら": {
      "start": 60.900000000000006,
      "end": 61.37662131519275,
      "loop": false
    },
    "り": {
      "start": 61.95000000000001,
      "end": 62.4664172335601,
      "loop": false
    },
    "る": {
      "start": 63.00000000000001,
      "end": 63.42907029478459,
      "loop": false
    },
    "れ": {
      "start": 64.05000000000001,
      "end": 64.8156462585034,
      "loop": false
    },
    "ろ": {
      "start": 65.10000000000001,
      "end": 65.44845804988663,
      "loop": false
    },
    "わ": {
      "start": 66.15,
      "end": 66.47845804988663,
      "loop": false
    },
    "を": {
      "start": 67.2,
      "end": 67.82501133786849,
      "loop": false
    },
    "ん": {
      "start": 68.25000000000001,
      "end": 68.98437641723358,
      "loop": false
    }
  }
}