{
  "resources": [
    "iwata.wav"
  ],
  "spritemap": {
    "あ": {
      "start": 0,
      "end": 0.19510204081632654,
      "loop": false
    },
    "い": {
      "start": 1.05,
      "end": 1.344512471655329,
      "loop": false
    },
    "う": {
      "start": 2.1,
      "end": 2.3887301587301586,
      "loop": false
    },
    "え": {
      "start": 3.15,
      "end": 3.41875283446712,
      "loop": false
    },
    "お": {
      "start": 4.199999999999999,
      "end": 4.456553287981858,
      "loop": false
    },
    "か": {
      "start": 5.249999999999999,
      "end": 5.534807256235827,
      "loop": false
    },
    "が": {
      "start": 6.299999999999999,
      "end": 6.608979591836734,
      "loop": false
    },
    "き": {
      "start": 7.35,
      "end": 7.729818594104308,
      "loop": false
    },
    "ぎ": {
      "start": 8.399999999999999,
      "end": 8.78328798185941,
      "loop": false
    },
    "く": {
      "start": 9.45,
      "end": 9.715351473922901,
      "loop": false
    },
    "ぐ": {
      "start": 10.499999999999998,
      "end": 10.873809523809522,
      "loop": false
    },
    "け": {
      "start": 11.549999999999997,
      "end": 11.839047619047616,
      "loop": false
    },
    "げ": {
      "start": 12.599999999999996,
      "end": 12.976802721088431,
      "loop": false
    },
    "こ": {
      "start": 13.649999999999995,
      "end": 13.93587301587301,
      "loop": false
    },
    "ご": {
      "start": 14.699999999999994,
      "end": 15.03539682539682,
      "loop": false
    },
    "さ": {
      "start": 15.749999999999995,
      "end": 16.091269841269835,
      "loop": false
    },
    "ざ": {
      "start": 16.799999999999994,
      "end": 17.09866213151927,
      "loop": false
    },
    "し": {
      "start": 17.849999999999994,
      "end": 18.32555555555555,
      "loop": false
    },
    "じ": {
      "start": 18.899999999999995,
      "end": 19.328752834467114,
      "loop": false
    },
    "す": {
      "start": 19.949999999999992,
      "end": 20.451111111111103,
      "loop": false
    },
    "ず": {
      "start": 20.999999999999993,
      "end": 21.36650793650793,
      "loop": false
    },
    "せ": {
      "start": 22.049999999999994,
      "end": 22.388253968253963,
      "loop": false
    },
    "ぜ": {
      "start": 23.099999999999994,
      "end": 23.463174603174597,
      "loop": false
    },
    "そ": {
      "start": 24.149999999999995,
      "end": 24.45290249433106,
      "loop": false
    },
    "ぞ": {
      "start": 25.199999999999992,
      "end": 25.500816326530604,
      "loop": false
    },
    "た": {
      "start": 26.249999999999993,
      "end": 26.529977324263033,
      "loop": false
    },
    "だ": {
      "start": 27.299999999999994,
      "end": 27.634285714285706,
      "loop": false
    },
    "ち": {
      "start": 28.34999999999999,
      "end": 28.734240362811782,
      "loop": false
    },
    "つ": {
      "start": 29.39999999999999,
      "end": 29.77231292517006,
      "loop": false
    },
    "て": {
      "start": 30.449999999999992,
      "end": 30.723673469387748,
      "loop": false
    },
    "で": {
      "start": 31.499999999999993,
      "end": 31.85528344671201,
      "loop": false
    },
    "と": {
      "start": 32.54999999999999,
      "end": 32.77707482993196,
      "loop": false
    },
    "ど": {
      "start": 33.59999999999999,
      "end": 33.858027210884345,
      "loop": false
    },
    "な": {
      "start": 34.64999999999999,
      "end": 34.98015873015872,
      "loop": false
    },
    "に": {
      "start": 35.69999999999999,
      "end": 36.022970521541936,
      "loop": false
    },
    "ぬ": {
      "start": 36.749999999999986,
      "end": 37.10555555555554,
      "loop": false
    },
    "ね": {
      "start": 37.79999999999998,
      "end": 38.142358276643975,
      "loop": false
    },
    "の": {
      "start": 38.84999999999999,
      "end": 39.14696145124715,
      "loop": false
    },
    "は": {
      "start": 39.899999999999984,
      "end": 40.17947845804987,
      "loop": false
    },
    "ば": {
      "start": 40.94999999999998,
      "end": 41.219024943310636,
      "loop": false
    },
    "ぱ": {
      "start": 41.99999999999998,
      "end": 42.23301587301585,
      "loop": false
    },
    "ひ": {
      "start": 43.049999999999976,
      "end": 43.409659863945556,
      "loop": false
    },
    "び": {
      "start": 44.09999999999998,
      "end": 44.42331065759635,
      "loop": false
    },
    "ぴ": {
      "start": 45.149999999999984,
      "end": 45.40859410430838,
      "loop": false
    },
    "ふ": {
      "start": 46.19999999999999,
      "end": 46.50936507936507,
      "loop": false
    },
    "ぶ": {
      "start": 47.249999999999986,
      "end": 47.59841269841269,
      "loop": false
    },
    "ぷ": {
      "start": 48.29999999999999,
      "end": 48.566167800453506,
      "loop": false
    },
    "へ": {
      "start": 49.349999999999994,
      "end": 49.65054421768707,
      "loop": false
    },
    "べ": {
      "start": 50.4,
      "end": 50.69975056689342,
      "loop": false
    },
    "ぺ": {
      "start": 51.449999999999996,
      "end": 51.70825396825396,
      "loop": false
    },
    "ほ": {
      "start": 52.49999999999999,
      "end": 52.801882086167794,
      "loop": false
    },
    "ぼ": {
      "start": 53.54999999999999,
      "end": 53.81521541950112,
      "loop": false
    },
    "ぽ": {
      "start": 54.59999999999999,
      "end": 54.84349206349205,
      "loop": false
    },
    "ま": {
      "start": 55.649999999999984,
      "end": 55.939070294784564,
      "loop": false
    },
    "み": {
      "start": 56.69999999999998,
      "end": 57.02786848072561,
      "loop": false
    },
    "む": {
      "start": 57.749999999999986,
      "end": 58.06222222222221,
      "loop": false
    },
    "め": {
      "start": 58.79999999999999,
      "end": 59.0848752834467,
      "loop": false
    },
    "も": {
      "start": 59.84999999999999,
      "end": 60.15455782312924,
      "loop": false
    },
    "や": {
      "start": 60.899999999999984,
      "end": 61.1924036281179,
      "loop": false
    },
    "ゆ": {
      "start": 61.94999999999999,
      "end": 62.296757369614504,
      "loop": false
    },
    "よ": {
      "start": 62.99999999999999,
      "end": 63.33342403628117,
      "loop": false
    },
    "ら": {
      "start": 64.05,
      "end": 64.34716553287981,
      "loop": false
    },
    "り": {
      "start": 65.1,
      "end": 65.46260770975056,
      "loop": false
    },
    "る": {
      "start": 66.14999999999999,
      "end": 66.47968253968253,
      "loop": false
    },
    "れ": {
      "start": 67.19999999999999,
      "end": 67.51179138321994,
      "loop": false
    },
    "ろ": {
      "start": 68.24999999999999,
      "end": 68.52929705215418,
      "loop": false
    },
    "わ": {
      "start": 69.29999999999998,
      "end": 69.58566893424035,
      "loop": false
    },
    "ん": {
      "start": 70.34999999999998,
      "end": 70.66417233560088,
      "loop": false
    },
    "きゃ": {
      "start": 71.39999999999998,
      "end": 71.70020408163263,
      "loop": false
    },
    "きゅ": {
      "start": 72.44999999999997,
      "end": 72.79387755102039,
      "loop": false
    },
    "きょ": {
      "start": 73.49999999999997,
      "end": 73.75503401360541,
      "loop": false
    },
    "ぎゃ": {
      "start": 74.54999999999997,
      "end": 74.82718820861675,
      "loop": false
    },
    "ぎゅ": {
      "start": 75.59999999999997,
      "end": 75.96460317460314,
      "loop": false
    },
    "ぎょ": {
      "start": 76.64999999999996,
      "end": 76.93120181405892,
      "loop": false
    },
    "しゃ": {
      "start": 77.69999999999996,
      "end": 78.0480952380952,
      "loop": false
    },
    "しゅ": {
      "start": 78.74999999999996,
      "end": 79.20086167800449,
      "loop": false
    },
    "しょ": {
      "start": 79.79999999999995,
      "end": 80.15580498866208,