{
  "resources": [
    "kikuchi.wav"
  ],
  "spritemap": {
    "あ": {
      "start": 0,
      "end": 0.27666666666666667,
      "loop": false
    },
    "い": {
      "start": 1.05,
      "end": 1.55,
      "loop": false
    },
    "う": {
      "start": 2.1,
      "end": 2.5434920634920637,
      "loop": false
    },
    "え": {
      "start": 3.1500000000000004,
      "end": 3.4656689342403633,
      "loop": false
    },
    "お": {
      "start": 4.2,
      "end": 4.471541950113378,
      "loop": false
    },
    "か": {
      "start": 5.25,
      "end": 5.528480725623583,
      "loop": false
    },
    "が": {
      "start": 6.3,
      "end": 6.514195011337868,
      "loop": false
    },
    "き": {
      "start": 7.35,
      "end": 7.68501133786848,
      "loop": false
    },
    "ぎ": {
      "start": 8.399999999999999,
      "end": 8.698049886621314,
      "loop": false
    },
    "く": {
      "start": 9.45,
      "end": 9.78437641723356,
      "loop": false
    },
    "ぐ": {
      "start": 10.5,
      "end": 10.79984126984127,
      "loop": false
    },
    "け": {
      "start": 11.55,
      "end": 11.91310657596372,
      "loop": false
    },
    "げ": {
      "start": 12.600000000000001,
      "end": 12.874421768707485,
      "loop": false
    },
    "こ": {
      "start": 13.650000000000002,
      "end": 13.924761904761906,
      "loop": false
    },
    "ご": {
      "start": 14.700000000000001,
      "end": 14.965079365079367,
      "loop": false
    },
    "さ": {
      "start": 15.750000000000002,
      "end": 16.075646258503404,
      "loop": false
    },
    "ざ": {
      "start": 16.800000000000004,
      "end": 17.175782312925175,
      "loop": false
    },
    "し": {
      "start": 17.850000000000005,
      "end": 18.218548752834472,
      "loop": false
    },
    "じ": {
      "start": 18.900000000000006,
      "end": 19.368752834467127,
      "loop": false
    },
    "す": {
      "start": 19.950000000000006,
      "end": 20.2858276643991,
      "loop": false
    },
    "ず": {
      "start": 21.000000000000007,
      "end": 21.4330612244898,
      "loop": false
    },
    "せ": {
      "start": 22.050000000000004,
      "end": 22.518752834467126,
      "loop": false
    },
    "ぜ": {
      "start": 23.100000000000005,
      "end": 23.491088435374156,
      "loop": false
    },
    "そ": {
      "start": 24.150000000000006,
      "end": 24.621179138322002,
      "loop": false
    },
    "ぞ": {
      "start": 25.200000000000006,
      "end": 25.45133786848073,
      "loop": false
    },
    "た": {
      "start": 26.250000000000007,
      "end": 26.637482993197285,
      "loop": false
    },
    "だ": {
      "start": 27.300000000000004,
      "end": 27.625056689342408,
      "loop": false
    },
    "ち": {
      "start": 28.350000000000005,
      "end": 28.850000000000005,
      "loop": false
    },
    "つ": {
      "start": 29.400000000000006,
      "end": 29.751768707483,
      "loop": false
    },
    "て": {
      "start": 30.450000000000006,
      "end": 30.73519274376418,
      "loop": false
    },
    "で": {
      "start": 31.500000000000007,
      "end": 31.817188208616788,
      "loop": false
    },
    "と": {
      "start": 32.550000000000004,
      "end": 32.83444444444445,
      "loop": false
    },
    "ど": {
      "start": 33.60000000000001,
      "end": 33.968027210884365,
      "loop": false
    },
    "な": {
      "start": 34.65000000000001,
      "end": 34.982698412698426,
      "loop": false
    },
    "に": {
      "start": 35.70000000000001,
      "end": 36.07501133786849,
      "loop": false
    },
    "ぬ": {
      "start": 36.75000000000001,
      "end": 37.14489795918368,
      "loop": false
    },
    "ね": {
      "start": 37.800000000000004,
      "end": 38.133083900226765,
      "loop": false
    },
    "の": {
      "start": 38.85000000000001,
      "end": 39.14027210884355,
      "loop": false
    },
    "は": {
      "start": 39.90000000000001,
      "end": 40.25773242630387,
      "loop": false
    },
    "ば": {
      "start": 40.95000000000001,
      "end": 41.302539682539695,
      "loop": false
    },
    "ぱ": {
      "start": 42.000000000000014,
      "end": 42.28968253968255,
      "loop": false
    },
    "ひ": {
      "start": 43.05000000000001,
      "end": 43.5101814058957,
      "loop": false
    },
    "び": {
      "start": 44.10000000000001,
      "end": 44.438684807256244,
      "loop": false
    },
    "ぴ": {
      "start": 45.150000000000006,
      "end": 45.49469387755103,
      "loop": false
    },
    "ふ": {
      "start": 46.20000000000001,
      "end": 46.63260770975058,
      "loop": false
    },
    "ぶ": {
      "start": 47.250000000000014,
      "end": 47.57047619047621,
      "loop": false
    },
    "ぷ": {
      "start": 48.30000000000002,
      "end": 48.631632653061246,
      "loop": false
    },
    "へ": {
      "start": 49.35000000000002,
      "end": 49.68387755102043,
      "loop": false
    },
    "べ": {
      "start": 50.40000000000002,
      "end": 50.737868480725645,
      "loop": false
    },
    "ぺ": {
      "start": 51.450000000000024,
      "end": 51.71535147392293,
      "loop": false
    },
    "ほ": {
      "start": 52.50000000000003,
      "end": 52.849591836734724,
      "loop": false
    },
    "ぼ": {
      "start": 53.55000000000003,
      "end": 53.82882086167804,
      "loop": false
    },
    "ぽ": {
      "start": 54.60000000000004,
      "end": 54.88058956916103,
      "loop": false
    },
    "ま": {
      "start": 55.650000000000034,
      "end": 56.02646258503405,
      "loop": false
    },
    "み": {
      "start": 56.70000000000003,
      "end": 57.126167800453544,
      "loop": false
    },
    "む": {
      "start": 57.75000000000003,
      "end": 58.19494331065763,
      "loop": false
    },
    "め": {
      "start": 58.80000000000003,
      "end": 59.14505668934244,
      "loop": false
    },
    "も": {
      "start": 59.85000000000004,
      "end": 60.215124716553326,
      "loop": false
    },
    "や": {
      "start": 60.90000000000004,
      "end": 61.300181405895735,
      "loop": false
    },
    "ゆ": {
      "start": 61.950000000000045,
      "end": 62.333242630385534,
      "loop": false
    },
    "よ": {
      "start": 63.00000000000005,
      "end": 63.37689342403633,
      "loop": false
    },
    "ら": {
      "start": 64.05000000000005,
      "end": 64.47569160997737,
      "loop": false
    },
    "り": {
      "start": 65.10000000000005,
      "end": 65.52206349206354,
      "loop": false
    },
    "る": {
      "start": 66.15000000000005,
      "end": 66.53945578231297,
      "loop": false
    },
    "れ": {
      "start": 67.20000000000005,
      "end": 67.55478458049892,
      "loop": false
    },
    "ろ": {
      "start": 68.25000000000006,
      "end": 68.58712018140595,
      "loop": false
    },
    "わ": {
      "start": 69.30000000000005,
      "end": 69.68072562358282,
      "loop": false
    },
    "ん": {
      "start": 70.35000000000005,
      "end": 70.66929705215425,
      "loop": false
    },
    "きゃ": {
      "start": 71.40000000000005,
      "end": 71.80675736961456,
      "loop": false
    },
    "きゅ": {
      "start": 72.45000000000005,
      "end": 72.85342403628123,
      "loop": false
    },
    "きょ": {
      "start": 73.50000000000004,
      "end": 73.82151927437646,
      "loop": false
    },
    "ぎゃ": {
      "start": 74.55000000000004,
      "end": 74.93442176870752,
      "loop": false
    },
    "ぎゅ": {
      "start": 75.60000000000004,
      "end": 75.99170068027215,
      "loop": false
    },
    "ぎょ": {
      "start": 76.65000000000003,
      "end": 76.99092970521545,
      "loop": false
    },
    "しゃ": {
      "start": 77.70000000000003,
      "end": 78.26251700680275,
      "loop": false
    },
    "しゅ": {
      "start": 78.75000000000003,
      "end": 79.25000000000003,
      "loop": false
    },
    "しょ": {
      "start": 79.80000000000003,
      "end": 80.2334920634921,
      "loop": false
    },