{
  "resources": [
    "kiyokawa.wav"
  ],
  "spritemap": {
    "あ": {
      "start": 0,
      "end": 0.2745578231292517,
      "loop": false
    },
    "い": {
      "start": 1.05,
      "end": 1.2865079365079366,
      "loop": false
    },
    "う": {
      "start": 2.1,
      "end": 2.3692517006802722,
      "loop": false
    },
    "え": {
      "start": 3.1500000000000004,
      "end": 3.4256462585034018,
      "loop": false
    },
    "お": {
      "start": 4.2,
      "end": 4.474625850340137,
      "loop": false
    },
    "か": {
      "start": 5.250000000000001,
      "end": 5.57124716553288,
      "loop": false
    },
    "が": {
      "start": 6.300000000000001,
      "end": 6.567256235827665,
      "loop": false
    },
    "き": {
      "start": 7.350000000000001,
      "end": 7.637437641723357,
      "loop": false
    },
    "ぎ": {
      "start": 8.400000000000002,
      "end": 8.673219954648529,
      "loop": false
    },
    "く": {
      "start": 9.450000000000003,
      "end": 9.715668934240366,
      "loop": false
    },
    "ぐ": {
      "start": 10.500000000000004,
      "end": 10.784965986394562,
      "loop": false
    },
    "け": {
      "start": 11.550000000000004,
      "end": 11.805623582766444,
      "loop": false
    },
    "げ": {
      "start": 12.600000000000003,
      "end": 12.890476190476194,
      "loop": false
    },
    "こ": {
      "start": 13.650000000000004,
      "end": 13.942834467120186,
      "loop": false
    },
    "ご": {
      "start": 14.700000000000005,
      "end": 15.00102040816327,
      "loop": false
    },
    "さ": {
      "start": 15.750000000000005,
      "end": 16.157959183673476,
      "loop": false
    },
    "ざ": {
      "start": 16.800000000000008,
      "end": 17.11843537414967,
      "loop": false
    },
    "し": {
      "start": 17.85000000000001,
      "end": 18.236802721088445,
      "loop": false
    },
    "じ": {
      "start": 18.90000000000001,
      "end": 19.219138321995473,
      "loop": false
    },
    "す": {
      "start": 19.95000000000001,
      "end": 20.36000000000001,
      "loop": false
    },
    "ず": {
      "start": 21.00000000000001,
      "end": 21.31530612244899,
      "loop": false
    },
    "せ": {
      "start": 22.05000000000001,
      "end": 22.405804988662144,
      "loop": false
    },
    "ぜ": {
      "start": 23.100000000000012,
      "end": 23.438775510204092,
      "loop": false
    },
    "そ": {
      "start": 24.15000000000001,
      "end": 24.526757369614522,
      "loop": false
    },
    "ぞ": {
      "start": 25.20000000000001,
      "end": 25.546054421768716,
      "loop": false
    },
    "た": {
      "start": 26.250000000000007,
      "end": 26.565102040816335,
      "loop": false
    },
    "だ": {
      "start": 27.300000000000008,
      "end": 27.564625850340143,
      "loop": false
    },
    "ち": {
      "start": 28.350000000000005,
      "end": 28.74820861678005,
      "loop": false
    },
    "つ": {
      "start": 29.400000000000006,
      "end": 29.77129251700681,
      "loop": false
    },
    "て": {
      "start": 30.450000000000006,
      "end": 30.727278911564632,
      "loop": false
    },
    "で": {
      "start": 31.500000000000007,
      "end": 31.752154195011347,
      "loop": false
    },
    "と": {
      "start": 32.55000000000001,
      "end": 32.844875283446726,
      "loop": false
    },
    "ど": {
      "start": 33.600000000000016,
      "end": 33.85052154195013,
      "loop": false
    },
    "な": {
      "start": 34.65000000000002,
      "end": 35.05800453514741,
      "loop": false
    },
    "に": {
      "start": 35.70000000000002,
      "end": 36.101519274376436,
      "loop": false
    },
    "ぬ": {
      "start": 36.75000000000002,
      "end": 37.12188208616782,
      "loop": false
    },
    "ね": {
      "start": 37.800000000000026,
      "end": 38.14043083900229,
      "loop": false
    },
    "の": {
      "start": 38.85000000000002,
      "end": 39.206167800453535,
      "loop": false
    },
    "は": {
      "start": 39.90000000000002,
      "end": 40.2137188208617,
      "loop": false
    },
    "ば": {
      "start": 40.950000000000024,
      "end": 41.24798185941045,
      "loop": false
    },
    "ぱ": {
      "start": 42.00000000000002,
      "end": 42.323582766439934,
      "loop": false
    },
    "ひ": {
      "start": 43.050000000000026,
      "end": 43.456258503401386,
      "loop": false
    },
    "び": {
      "start": 44.10000000000002,
      "end": 44.380000000000024,
      "loop": false
    },
    "ぴ": {
      "start": 45.15000000000003,
      "end": 45.4341950113379,
      "loop": false
    },
    "ふ": {
      "start": 46.20000000000003,
      "end": 46.604104308390056,
      "loop": false
    },
    "ぶ": {
      "start": 47.250000000000036,
      "end": 47.56147392290253,
      "loop": false
    },
    "ぷ": {
      "start": 48.30000000000003,
      "end": 48.61263038548756,
      "loop": false
    },
    "へ": {
      "start": 49.35000000000004,
      "end": 49.69938775510208,
      "loop": false
    },
    "べ": {
      "start": 50.40000000000004,
      "end": 50.708027210884396,
      "loop": false
    },
    "ぺ": {
      "start": 51.450000000000045,
      "end": 51.751564625850385,
      "loop": false
    },
    "ほ": {
      "start": 52.50000000000004,
      "end": 52.8584353741497,
      "loop": false
    },
    "ぼ": {
      "start": 53.55000000000004,
      "end": 53.8733786848073,
      "loop": false
    },
    "ぽ": {
      "start": 54.600000000000044,
      "end": 54.89403628117918,
      "loop": false
    },
    "ま": {
      "start": 55.65000000000004,
      "end": 55.96503401360548,
      "loop": false
    },
    "み": {
      "start": 56.70000000000004,
      "end": 57.05505668934244,
      "loop": false
    },
    "む": {
      "start": 57.75000000000004,
      "end": 58.100068027210924,
      "loop": false
    },
    "め": {
      "start": 58.80000000000004,
      "end": 59.15514739229029,
      "loop": false
    },
    "も": {
      "start": 59.85000000000004,
      "end": 60.17106575963722,
      "loop": false
    },
    "や": {
      "start": 60.900000000000034,
      "end": 61.23006802721092,
      "loop": false
    },
    "ゆ": {
      "start": 61.95000000000003,
      "end": 62.33907029478461,
      "loop": false
    },
    "よ": {
      "start": 63.00000000000003,
      "end": 63.331043083900255,
      "loop": false
    },
    "ら": {
      "start": 64.05000000000003,
      "end": 64.40365079365083,
      "loop": false
    },
    "り": {
      "start": 65.10000000000004,
      "end": 65.43197278911569,
      "loop": false
    },
    "る": {
      "start": 66.15000000000005,
      "end": 66.46507936507942,
      "loop": false
    },
    "れ": {
      "start": 67.20000000000006,
      "end": 67.5644444444445,
      "loop": false
    },
    "ろ": {
      "start": 68.25000000000006,
      "end": 68.54487528344677,
      "loop": false
    },
    "わ": {
      "start": 69.30000000000005,
      "end": 69.7310884353742,
      "loop": false
    },
    "ん": {
      "start": 70.35000000000005,
      "end": 70.65845804988668,
      "loop": false
    },
    "きゃ": {
      "start": 71.40000000000005,
      "end": 71.73725623582772,
      "loop": false
    },
    "きゅ": {
      "start": 72.45000000000005,
      "end": 72.80090702947851,
      "loop": false
    },
    "きょ": {
      "start": 73.50000000000006,
      "end": 73.7924489795919,
      "loop": false
    },
    "ぎゃ": {
      "start": 74.55000000000005,
      "end": 74.9010884353742,
      "loop": false
    },
    "ぎゅ": {
      "start": 75.60000000000005,
      "end": 75.92002267573702,
      "loop": false
    },
    "ぎょ": {
      "start": 76.65000000000005,
      "end": 76.95283446712023,
      "loop": false
    },
    "しゃ": {
      "start": 77.70000000000005,
      "end": 78.17197278911569,
      "loop": false
    },
    "しゅ": {
      "start": 78.75000000000004,
      "end": 79.24172335600912,
      "loop": false
    },