{"あ":{"start":0,"end":0.2745578231292517},"い":{"start":1.05,"end":1.2865079365079366},"う":{"start":2.1,"end":2.3692517006802722},"え":{"start":3.1500000000000004,"end":3.4256462585034018},"お":{"start":4.2,"end":4.474625850340137},"か":{"start":5.250000000000001,"end":5.57124716553288},"が":{"start":6.300000000000001,"end":6.567256235827665},"き":{"start":7.350000000000001,"end":7.637437641723357},"ぎ":{"start":8.400000000000002,"end":8.673219954648529},"く":{"start":9.450000000000003,"end":9.715668934240366},"ぐ":{"start":10.500000000000004,"end":10.784965986394562},"け":{"start":11.550000000000004,"end":11.805623582766444},"げ":{"start":12.600000000000003,"end":12.890476190476194},"こ":{"start":13.650000000000004,"end":13.942834467120186},"ご":{"start":14.700000000000005,"end":15.00102040816327},"さ":{"start":15.750000000000005,"end":16.157959183673476},"ざ":{"start":16.800000000000008,"end":17.11843537414967},"し":{"start":17.85000000000001,"end":18.236802721088445},"じ":{"start":18.90000000000001,"end":19.219138321995473},"す":{"start":19.95000000000001,"end":20.36000000000001},"ず":{"start":21.00000000000001,"end":21.31530612244899},"せ":{"start":22.05000000000001,"end":22.405804988662144},"ぜ":{"start":23.100000000000012,"end":23.438775510204092},"そ":{"start":24.15000000000001,"end":24.526757369614522},"ぞ":{"start":25.20000000000001,"end":25.546054421768716},"た":{"start":26.250000000000007,"end":26.565102040816335},"だ":{"start":27.300000000000008,"end":27.564625850340143},"ち":{"start":28.350000000000005,"end":28.74820861678005},"つ":{"start":29.400000000000006,"end":29.77129251700681},"て":{"start":30.450000000000006,"end":30.727278911564632},"で":{"start":31.500000000000007,"end":31.752154195011347},"と":{"start":32.55000000000001,"end":32.844875283446726},"ど":{"start":33.600000000000016,"end":33.85052154195013},"な":{"start":34.65000000000002,"end":35.05800453514741},"に":{"start":35.70000000000002,"end":36.101519274376436},"ぬ":{"start":36.75000000000002,"end":37.12188208616782},"ね":{"start":37.800000000000026,"end":38.14043083900229},"の":{"start":38.85000000000002,"end":39.206167800453535},"は":{"start":39.90000000000002,"end":40.2137188208617},"ば":{"start":40.950000000000024,"end":41.24798185941045},"ぱ":{"start":42.00000000000002,"end":42.323582766439934},"ひ":{"start":43.050000000000026,"end":43.456258503401386},"び":{"start":44.10000000000002,"end":44.380000000000024},"ぴ":{"start":45.15000000000003,"end":45.4341950113379},"ふ":{"start":46.20000000000003,"end":46.604104308390056},"ぶ":{"start":47.250000000000036,"end":47.56147392290253},"ぷ":{"start":48.30000000000003,"end":48.61263038548756},"へ":{"start":49.35000000000004,"end":49.69938775510208},"べ":{"start":50.40000000000004,"end":50.708027210884396},"ぺ":{"start":51.450000000000045,"end":51.751564625850385},"ほ":{"start":52.50000000000004,"end":52.8584353741497},"ぼ":{"start":53.55000000000004,"end":53.8733786848073},"ぽ":{"start":54.600000000000044,"end":54.89403628117918},"ま":{"start":55.65000000000004,"end":55.96503401360548},"み":{"start":56.70000000000004,"end":57.05505668934244},"む":{"start":57.75000000000004,"end":58.100068027210924},"め":{"start":58.80000000000004,"end":59.15514739229029},"も":{"start":59.85000000000004,"end":60.17106575963722},"や":{"start":60.900000000000034,"end":61.23006802721092},"ゆ":{"start":61.95000000000003,"end":62.33907029478461},"よ":{"start":63.00000000000003,"end":63.331043083900255},"ら":{"start":64.05000000000003,"end":64.40365079365083},"り":{"start":65.10000000000004,"end":65.43197278911569},"る":{"start":66.15000000000005,"end":66.46507936507942},"れ":{"start":67.20000000000006,"end":67.5644444444445},"ろ":{"start":68.25000000000006,"end":68.54487528344677},"わ":{"start":69.30000000000005,"end":69.7310884353742},"ん":{"start":70.35000000000005,"end":70.65845804988668},"きゃ":{"start":71.40000000000005,"end":71.73725623582772},"きゅ":{"start":72.45000000000005,"end":72.80090702947851},"きょ":{"start":73.50000000000006,"end":73.7924489795919},"ぎゃ":{"start":74.55000000000005,"end":74.9010884353742},"ぎゅ":{"start":75.60000000000005,"end":75.92002267573702},"ぎょ":{"start":76.65000000000005,"end":76.95283446712023},"しゃ":{"start":77.70000000000005,"end":78.17197278911569},"しゅ":{"start":78.75000000000004,"end":79.24172335600912},"しょ":{"start":79.80000000000005,"end":80.25641723356014},"じゃ":{"start":80.85000000000005,"end":81.18684807256241},"じゅ":{"start":81.90000000000005,"end":82.26666666666671},"じょ":{"start":82.95000000000005,"end":83.27589569161002},"ちゃ":{"start":84.00000000000004,"end":84.34383219954653},"ちゅ":{"start":85.05000000000004,"end":85.55000000000004},"ちょ":{"start":86.10000000000004,"end":86.48229024943315},"にゃ":{"start":87.15000000000005,"end":87.51804988662137},"にゅ":{"start":88.20000000000006,"end":88.56390022675743},"にょ":{"start":89.25000000000006,"end":89.62616780045357},"ひゃ":{"start":90.30000000000005,"end":90.75882086167806},"ひゅ":{"start":91.35000000000005,"end":91.76888888888894},"ひょ":{"start":92.40000000000005,"end":92.80240362811796},"びゃ":{"start":93.45000000000005,"end":93.84045351473928},"びゅ":{"start":94.50000000000006,"end":94.79952380952386},"びょ":{"start":95.55000000000005,"end":95.86004535147397},"ぴゃ":{"start":96.60000000000005,"end":96.96782312925176},"ぴゅ":{"start":97.65000000000005,"end":97.98077097505674},"ぴょ":{"start":98.70000000000006,"end":98.96696145124723},"みゃ":{"start":99.75000000000006,"end":100.16367346938782},"みゅ":{"start":100.80000000000007,"end":101.18040816326537},"みょ":{"start":101.85000000000007,"end":102.28160997732432},"りゃ":{"start":102.90000000000006,"end":103.225918367347},"りゅ":{"start":103.95000000000007,"end":104.2520408163266},"りょ":{"start":105.00000000000007,"end":105.34693877551028}}