{"あ":{"start":0,"end":0.220702947845805},"い":{"start":1.05,"end":1.2812698412698413},"う":{"start":2.1,"end":2.4709523809523812},"え":{"start":3.1500000000000004,"end":3.436417233560091},"お":{"start":4.2,"end":4.456190476190477},"か":{"start":5.250000000000001,"end":5.552517006802722},"が":{"start":6.300000000000001,"end":6.607437641723357},"き":{"start":7.350000000000001,"end":7.677709750566895},"ぎ":{"start":8.400000000000002,"end":8.72791383219955},"く":{"start":9.450000000000003,"end":9.811111111111114},"ぐ":{"start":10.500000000000002,"end":10.871700680272111},"け":{"start":11.550000000000002,"end":11.815646258503405},"げ":{"start":12.600000000000003,"end":12.917006802721092},"こ":{"start":13.650000000000004,"end":13.899183673469391},"ご":{"start":14.700000000000003,"end":14.949024943310661},"さ":{"start":15.750000000000004,"end":16.132154195011342},"ざ":{"start":16.800000000000004,"end":17.099750566893427},"し":{"start":17.85,"end":18.475011337868484},"じ":{"start":18.900000000000002,"end":19.31605442176871},"す":{"start":19.95,"end":20.63750566893424},"ず":{"start":21,"end":21.32795918367347},"せ":{"start":22.05,"end":22.612517006802722},"ぜ":{"start":23.1,"end":23.465714285714288},"そ":{"start":24.150000000000002,"end":24.962517006802724},"ぞ":{"start":25.200000000000003,"end":25.52385487528345},"た":{"start":26.250000000000004,"end":26.51634920634921},"だ":{"start":27.300000000000004,"end":27.56489795918368},"ち":{"start":28.350000000000005,"end":28.67698412698413},"つ":{"start":29.400000000000006,"end":29.72680272108844},"て":{"start":30.450000000000003,"end":30.747823129251703},"で":{"start":31.500000000000004,"end":31.773605442176873},"と":{"start":32.550000000000004,"end":32.8077097505669},"ど":{"start":33.60000000000001,"end":33.83907029478459},"な":{"start":34.65000000000001,"end":34.9890702947846},"に":{"start":35.70000000000002,"end":36.06648526077099},"ぬ":{"start":36.750000000000014,"end":37.123083900226774},"ね":{"start":37.80000000000002,"end":38.092630385487546},"の":{"start":38.850000000000016,"end":39.13850340136056},"は":{"start":39.90000000000001,"end":40.1645351473923},"ば":{"start":40.95000000000001,"end":41.203083900226765},"ぱ":{"start":42.00000000000001,"end":42.251383219954654},"ひ":{"start":43.050000000000004,"end":43.41269841269842},"び":{"start":44.10000000000001,"end":44.43750566893425},"ぴ":{"start":45.15000000000001,"end":45.449433106575974},"ふ":{"start":46.20000000000001,"end":46.58752834467121},"ぶ":{"start":47.250000000000014,"end":47.53433106575965},"ぷ":{"start":48.30000000000001,"end":48.6507709750567},"へ":{"start":49.350000000000016,"end":49.65975056689344},"べ":{"start":50.40000000000002,"end":50.692154195011355},"ぺ":{"start":51.45000000000002,"end":51.735804988662146},"ほ":{"start":52.500000000000014,"end":52.82351473922904},"ぼ":{"start":53.55000000000002,"end":53.815396825396846},"ぽ":{"start":54.60000000000002,"end":54.87793650793653},"ま":{"start":55.65000000000003,"end":55.93725623582769},"み":{"start":56.700000000000024,"end":57.00904761904764},"む":{"start":57.75000000000002,"end":58.10231292517009},"め":{"start":58.80000000000002,"end":59.123832199546506},"も":{"start":59.85000000000002,"end":60.110408163265326},"や":{"start":60.90000000000002,"end":61.15623582766442},"ゆ":{"start":61.95000000000002,"end":62.29605442176872},"よ":{"start":63.000000000000014,"end":63.309795918367364},"ら":{"start":64.05000000000001,"end":64.34659863945579},"り":{"start":65.10000000000001,"end":65.43258503401361},"る":{"start":66.15,"end":66.50891156462586},"れ":{"start":67.20000000000002,"end":67.5071882086168},"ろ":{"start":68.25000000000001,"end":68.55514739229027},"わ":{"start":69.30000000000001,"end":69.63936507936509},"ん":{"start":70.35000000000001,"end":70.59181405895693},"きゃ":{"start":71.4,"end":71.71208616780046},"きゅ":{"start":72.45000000000002,"end":72.81274376417235},"きょ":{"start":73.50000000000001,"end":73.80802721088436},"ぎゃ":{"start":74.55000000000001,"end":74.86489795918368},"ぎゅ":{"start":75.60000000000001,"end":75.98072562358277},"ぎょ":{"start":76.65,"end":76.9759410430839},"しゃ":{"start":77.7,"end":78.09108843537415},"しゅ":{"start":78.75,"end":79.19308390022675},"しょ":{"start":79.8,"end":80.17854875283446},"じゃ":{"start":80.85,"end":81.17399092970521},"じゅ":{"start":81.89999999999999,"end":82.36231292517006},"じょ":{"start":82.94999999999999,"end":83.31229024943309},"ちゃ":{"start":83.99999999999999,"end":84.31448979591835},"ちゅ":{"start":85.04999999999998,"end":85.41285714285712},"ちょ":{"start":86.09999999999998,"end":86.37956916099772},"にゃ":{"start":87.14999999999999,"end":87.46086167800452},"にゅ":{"start":88.19999999999999,"end":88.64750566893423},"にょ":{"start":89.24999999999999,"end":89.52795918367346},"ひゃ":{"start":90.3,"end":90.6139455782313},"ひゅ":{"start":91.35000000000001,"end":91.78975056689343},"ひょ":{"start":92.4,"end":92.76746031746032},"びゃ":{"start":93.45,"end":93.6781179138322},"びゅ":{"start":94.5,"end":94.8020634920635},"びょ":{"start":95.55,"end":95.82687074829931},"ぴゃ":{"start":96.6,"end":96.8818140589569},"ぴゅ":{"start":97.64999999999999,"end":97.92426303854874},"ぴょ":{"start":98.69999999999999,"end":99.00598639455781},"みゃ":{"start":99.74999999999999,"end":100.086462585034},"みゅ":{"start":100.79999999999998,"end":101.11521541950111},"みょ":{"start":101.84999999999998,"end":102.11179138321994},"りゃ":{"start":102.89999999999998,"end":103.20950113378683},"りゅ":{"start":103.94999999999999,"end":104.3548752834467},"りょ":{"start":104.99999999999999,"end":105.28145124716552}}