{
  "resources": [
    "result.wav"
  ],
  "spritemap": {
    "あ": {
      "start": 0,
      "end": 0.220702947845805,
      "loop": false
    },
    "い": {
      "start": 1.05,
      "end": 1.2812698412698413,
      "loop": false
    },
    "う": {
      "start": 2.1,
      "end": 2.4709523809523812,
      "loop": false
    },
    "え": {
      "start": 3.1500000000000004,
      "end": 3.436417233560091,
      "loop": false
    },
    "お": {
      "start": 4.2,
      "end": 4.456190476190477,
      "loop": false
    },
    "か": {
      "start": 5.250000000000001,
      "end": 5.552517006802722,
      "loop": false
    },
    "が": {
      "start": 6.300000000000001,
      "end": 6.607437641723357,
      "loop": false
    },
    "き": {
      "start": 7.350000000000001,
      "end": 7.677709750566895,
      "loop": false
    },
    "ぎ": {
      "start": 8.400000000000002,
      "end": 8.72791383219955,
      "loop": false
    },
    "く": {
      "start": 9.450000000000003,
      "end": 9.811111111111114,
      "loop": false
    },
    "ぐ": {
      "start": 10.500000000000002,
      "end": 10.871700680272111,
      "loop": false
    },
    "け": {
      "start": 11.550000000000002,
      "end": 11.815646258503405,
      "loop": false
    },
    "げ": {
      "start": 12.600000000000003,
      "end": 12.917006802721092,
      "loop": false
    },
    "こ": {
      "start": 13.650000000000004,
      "end": 13.899183673469391,
      "loop": false
    },
    "ご": {
      "start": 14.700000000000003,
      "end": 14.949024943310661,
      "loop": false
    },
    "さ": {
      "start": 15.750000000000004,
      "end": 16.132154195011342,
      "loop": false
    },
    "ざ": {
      "start": 16.800000000000004,
      "end": 17.099750566893427,
      "loop": false
    },
    "し": {
      "start": 17.85,
      "end": 18.475011337868484,
      "loop": false
    },
    "じ": {
      "start": 18.900000000000002,
      "end": 19.31605442176871,
      "loop": false
    },
    "す": {
      "start": 19.95,
      "end": 20.63750566893424,
      "loop": false
    },
    "ず": {
      "start": 21,
      "end": 21.32795918367347,
      "loop": false
    },
    "せ": {
      "start": 22.05,
      "end": 22.612517006802722,
      "loop": false
    },
    "ぜ": {
      "start": 23.1,
      "end": 23.465714285714288,
      "loop": false
    },
    "そ": {
      "start": 24.150000000000002,
      "end": 24.962517006802724,
      "loop": false
    },
    "ぞ": {
      "start": 25.200000000000003,
      "end": 25.52385487528345,
      "loop": false
    },
    "た": {
      "start": 26.250000000000004,
      "end": 26.51634920634921,
      "loop": false
    },
    "だ": {
      "start": 27.300000000000004,
      "end": 27.56489795918368,
      "loop": false
    },
    "ち": {
      "start": 28.350000000000005,
      "end": 28.67698412698413,
      "loop": false
    },
    "つ": {
      "start": 29.400000000000006,
      "end": 29.72680272108844,
      "loop": false
    },
    "て": {
      "start": 30.450000000000003,
      "end": 30.747823129251703,
      "loop": false
    },
    "で": {
      "start": 31.500000000000004,
      "end": 31.773605442176873,
      "loop": false
    },
    "と": {
      "start": 32.550000000000004,
      "end": 32.8077097505669,
      "loop": false
    },
    "ど": {
      "start": 33.60000000000001,
      "end": 33.83907029478459,
      "loop": false
    },
    "な": {
      "start": 34.65000000000001,
      "end": 34.9890702947846,
      "loop": false
    },
    "に": {
      "start": 35.70000000000002,
      "end": 36.06648526077099,
      "loop": false
    },
    "ぬ": {
      "start": 36.750000000000014,
      "end": 37.123083900226774,
      "loop": false
    },
    "ね": {
      "start": 37.80000000000002,
      "end": 38.092630385487546,
      "loop": false
    },
    "の": {
      "start": 38.850000000000016,
      "end": 39.13850340136056,
      "loop": false
    },
    "は": {
      "start": 39.90000000000001,
      "end": 40.1645351473923,
      "loop": false
    },
    "ば": {
      "start": 40.95000000000001,
      "end": 41.203083900226765,
      "loop": false
    },
    "ぱ": {
      "start": 42.00000000000001,
      "end": 42.251383219954654,
      "loop": false
    },
    "ひ": {
      "start": 43.050000000000004,
      "end": 43.41269841269842,
      "loop": false
    },
    "び": {
      "start": 44.10000000000001,
      "end": 44.43750566893425,
      "loop": false
    },
    "ぴ": {
      "start": 45.15000000000001,
      "end": 45.449433106575974,
      "loop": false
    },
    "ふ": {
      "start": 46.20000000000001,
      "end": 46.58752834467121,
      "loop": false
    },
    "ぶ": {
      "start": 47.250000000000014,
      "end": 47.53433106575965,
      "loop": false
    },
    "ぷ": {
      "start": 48.30000000000001,
      "end": 48.6507709750567,
      "loop": false
    },
    "へ": {
      "start": 49.350000000000016,
      "end": 49.65975056689344,
      "loop": false
    },
    "べ": {
      "start": 50.40000000000002,
      "end": 50.692154195011355,
      "loop": false
    },
    "ぺ": {
      "start": 51.45000000000002,
      "end": 51.735804988662146,
      "loop": false
    },
    "ほ": {
      "start": 52.500000000000014,
      "end": 52.82351473922904,
      "loop": false
    },
    "ぼ": {
      "start": 53.55000000000002,
      "end": 53.815396825396846,
      "loop": false
    },
    "ぽ": {
      "start": 54.60000000000002,
      "end": 54.87793650793653,
      "loop": false
    },
    "ま": {
      "start": 55.65000000000003,
      "end": 55.93725623582769,
      "loop": false
    },
    "み": {
      "start": 56.700000000000024,
      "end": 57.00904761904764,
      "loop": false
    },
    "む": {
      "start": 57.75000000000002,
      "end": 58.10231292517009,
      "loop": false
    },
    "め": {
      "start": 58.80000000000002,
      "end": 59.123832199546506,
      "loop": false
    },
    "も": {
      "start": 59.85000000000002,
      "end": 60.110408163265326,
      "loop": false
    },
    "や": {
      "start": 60.90000000000002,
      "end": 61.15623582766442,
      "loop": false
    },
    "ゆ": {
      "start": 61.95000000000002,
      "end": 62.29605442176872,
      "loop": false
    },
    "よ": {
      "start": 63.000000000000014,
      "end": 63.309795918367364,
      "loop": false
    },
    "ら": {
      "start": 64.05000000000001,
      "end": 64.34659863945579,
      "loop": false
    },
    "り": {
      "start": 65.10000000000001,
      "end": 65.43258503401361,
      "loop": false
    },
    "る": {
      "start": 66.15,
      "end": 66.50891156462586,
      "loop": false
    },
    "れ": {
      "start": 67.20000000000002,
      "end": 67.5071882086168,
      "loop": false
    },
    "ろ": {
      "start": 68.25000000000001,
      "end": 68.55514739229027,
      "loop": false
    },
    "わ": {
      "start": 69.30000000000001,
      "end": 69.63936507936509,
      "loop": false
    },
    "ん": {
      "start": 70.35000000000001,
      "end": 70.59181405895693,
      "loop": false
    },
    "きゃ": {
      "start": 71.4,
      "end": 71.71208616780046,
      "loop": false
    },
    "きゅ": {
      "start": 72.45000000000002,
      "end": 72.81274376417235,
      "loop": false
    },
    "きょ": {
      "start": 73.50000000000001,
      "end": 73.80802721088436,
      "loop": false
    },
    "ぎゃ": {
      "start": 74.55000000000001,
      "end": 74.86489795918368,
      "loop": false
    },
    "ぎゅ": {
      "start": 75.60000000000001,
      "end": 75.98072562358277,
      "loop": false
    },
    "ぎょ": {
      "start": 76.65,
      "end": 76.9759410430839,
      "loop": false
    },
    "しゃ": {
      "start": 77.7,
      "end": 78.09108843537415,
      "loop": false
    },
    "しゅ": {
      "start": 78.75,
      "end": 79.19308390022675,
      "loop": false
    },
    "しょ": {
      "start": 79.8,
      "end": 80.17854875283446,
      "loop": false
    },
    "じゃ": {
      "start": 80.85,
      "end": 81.17399092970521,