{
  "resources": [
    "matsuo.wav"
  ],
  "spritemap": {
    "あ": {
      "start": 0,
      "end": 0.23326530612244897,
      "loop": false
    },
    "い": {
      "start": 1.05,
      "end": 1.393673469387755,
      "loop": false
    },
    "う": {
      "start": 2.1,
      "end": 2.5,
      "loop": false
    },
    "え": {
      "start": 3.15,
      "end": 3.5941043083900226,
      "loop": false
    },
    "お": {
      "start": 4.2,
      "end": 4.601882086167801,
      "loop": false
    },
    "か": {
      "start": 5.25,
      "end": 5.591496598639456,
      "loop": false
    },
    "が": {
      "start": 6.3,
      "end": 6.638548752834467,
      "loop": false
    },
    "き": {
      "start": 7.35,
      "end": 7.6263038548752835,
      "loop": false
    },
    "ぎ": {
      "start": 8.4,
      "end": 8.856099773242631,
      "loop": false
    },
    "く": {
      "start": 9.450000000000001,
      "end": 9.755578231292517,
      "loop": false
    },
    "ぐ": {
      "start": 10.5,
      "end": 10.795396825396825,
      "loop": false
    },
    "け": {
      "start": 11.549999999999999,
      "end": 11.80283446712018,
      "loop": false
    },
    "げ": {
      "start": 12.599999999999998,
      "end": 13.154195011337867,
      "loop": false
    },
    "こ": {
      "start": 13.649999999999999,
      "end": 13.914625850340135,
      "loop": false
    },
    "ご": {
      "start": 14.7,
      "end": 15.006235827664398,
      "loop": false
    },
    "さ": {
      "start": 15.749999999999998,
      "end": 16.063174603174602,
      "loop": false
    },
    "ざ": {
      "start": 16.799999999999997,
      "end": 17.091678004535144,
      "loop": false
    },
    "し": {
      "start": 17.849999999999998,
      "end": 18.297142857142855,
      "loop": false
    },
    "じ": {
      "start": 18.9,
      "end": 19.322970521541947,
      "loop": false
    },
    "す": {
      "start": 19.949999999999996,
      "end": 20.41975056689342,
      "loop": false
    },
    "ず": {
      "start": 20.999999999999996,
      "end": 21.44181405895691,
      "loop": false
    },
    "せ": {
      "start": 22.049999999999994,
      "end": 22.425192743764168,
      "loop": false
    },
    "ぜ": {
      "start": 23.099999999999994,
      "end": 23.450158730158723,
      "loop": false
    },
    "そ": {
      "start": 24.14999999999999,
      "end": 24.46342403628117,
      "loop": false
    },
    "ぞ": {
      "start": 25.199999999999992,
      "end": 25.548208616780038,
      "loop": false
    },
    "た": {
      "start": 26.249999999999993,
      "end": 26.519138321995456,
      "loop": false
    },
    "だ": {
      "start": 27.29999999999999,
      "end": 27.574399092970513,
      "loop": false
    },
    "ち": {
      "start": 28.34999999999999,
      "end": 28.723673469387744,
      "loop": false
    },
    "つ": {
      "start": 29.399999999999988,
      "end": 29.81002267573695,
      "loop": false
    },
    "て": {
      "start": 30.44999999999999,
      "end": 30.713106575963707,
      "loop": false
    },
    "で": {
      "start": 31.49999999999999,
      "end": 31.778979591836723,
      "loop": false
    },
    "と": {
      "start": 32.54999999999999,
      "end": 32.76900226757368,
      "loop": false
    },
    "ど": {
      "start": 33.59999999999999,
      "end": 33.8424036281179,
      "loop": false
    },
    "な": {
      "start": 34.649999999999984,
      "end": 34.96632653061223,
      "loop": false
    },
    "に": {
      "start": 35.69999999999998,
      "end": 36.02841269841268,
      "loop": false
    },
    "ぬ": {
      "start": 36.74999999999998,
      "end": 37.113945578231274,
      "loop": false
    },
    "ね": {
      "start": 37.79999999999998,
      "end": 38.0825170068027,
      "loop": false
    },
    "の": {
      "start": 38.84999999999998,
      "end": 39.09188208616778,
      "loop": false
    },
    "は": {
      "start": 39.89999999999998,
      "end": 40.18655328798184,
      "loop": false
    },
    "ば": {
      "start": 40.94999999999998,
      "end": 41.26029478458048,
      "loop": false
    },
    "ぱ": {
      "start": 41.99999999999998,
      "end": 42.253560090702926,
      "loop": false
    },
    "ひ": {
      "start": 43.049999999999976,
      "end": 43.46487528344669,
      "loop": false
    },
    "び": {
      "start": 44.09999999999997,
      "end": 44.72501133786845,
      "loop": false
    },
    "ぴ": {
      "start": 45.14999999999997,
      "end": 45.448866213151895,
      "loop": false
    },
    "ふ": {
      "start": 46.19999999999997,
      "end": 46.61079365079362,
      "loop": false
    },
    "ぶ": {
      "start": 47.249999999999964,
      "end": 47.812517006802686,
      "loop": false
    },
    "ぷ": {
      "start": 48.29999999999996,
      "end": 48.59376417233556,
      "loop": false
    },
    "へ": {
      "start": 49.34999999999996,
      "end": 49.67263038548749,
      "loop": false
    },
    "べ": {
      "start": 50.399999999999956,
      "end": 50.78229024943306,
      "loop": false
    },
    "ぺ": {
      "start": 51.44999999999995,
      "end": 51.707687074829884,
      "loop": false
    },
    "ほ": {
      "start": 52.49999999999995,
      "end": 52.81911564625845,
      "loop": false
    },
    "ぼ": {
      "start": 53.54999999999995,
      "end": 53.92870748299315,
      "loop": false
    },
    "ぽ": {
      "start": 54.59999999999995,
      "end": 54.8286167800453,
      "loop": false
    },
    "ま": {
      "start": 55.64999999999995,
      "end": 56.175011337868426,
      "loop": false
    },
    "み": {
      "start": 56.699999999999946,
      "end": 56.99995464852602,
      "loop": false
    },
    "む": {
      "start": 57.74999999999994,
      "end": 58.026712018140536,
      "loop": false
    },
    "め": {
      "start": 58.79999999999995,
      "end": 59.18097505668929,
      "loop": false
    },
    "も": {
      "start": 59.84999999999995,
      "end": 60.13181405895687,
      "loop": false
    },
    "や": {
      "start": 60.899999999999956,
      "end": 61.215918367346895,
      "loop": false
    },
    "ゆ": {
      "start": 61.94999999999995,
      "end": 62.271088435374104,
      "loop": false
    },
    "よ": {
      "start": 62.99999999999996,
      "end": 63.26501133786844,
      "loop": false
    },
    "ら": {
      "start": 64.04999999999995,
      "end": 64.34215419501129,
      "loop": false
    },
    "り": {
      "start": 65.09999999999995,
      "end": 65.48634920634916,
      "loop": false
    },
    "る": {
      "start": 66.14999999999995,
      "end": 66.53097505668929,
      "loop": false
    },
    "れ": {
      "start": 67.19999999999995,
      "end": 67.53573696145119,
      "loop": false
    },
    "ろ": {
      "start": 68.24999999999994,
      "end": 68.56947845804983,
      "loop": false
    },
    "わ": {
      "start": 69.29999999999994,
      "end": 69.58129251700674,
      "loop": false
    },
    "ん": {
      "start": 70.34999999999994,
      "end": 70.60074829931966,
      "loop": false
    },
    "きゃ": {
      "start": 71.39999999999993,
      "end": 71.67442176870742,
      "loop": false
    },
    "きゅ": {
      "start": 72.44999999999993,
      "end": 72.75829931972783,
      "loop": false
    },
    "きょ": {
      "start": 73.49999999999993,
      "end": 73.7961904761904,
      "loop": false
    },
    "ぎゃ": {
      "start": 74.54999999999993,
      "end": 74.8834240362811,
      "loop": false
    },
    "ぎゅ": {
      "start": 75.59999999999992,
      "end": 75.97448979591829,
      "loop": false
    },
    "ぎょ": {
      "start": 76.64999999999992,
      "end": 76.88596371882078,
      "loop": false
    },
    "しゃ": {
      "start": 77.69999999999992,
      "end": 78.06625850340127,
      "loop": false
    },
    "しゅ": {
      "start": 78.74999999999991,
      "end": 79.20911564625843,
      "loop": false
    },
    "しょ": {
      "start": 79.79999999999993,
      "end": 80.2036054421768,
      "loop": false
    },
    "じゃ": {
      "start": 80.84999999999992,