{
  "resources": [
    "nakamura.wav"
  ],
  "spritemap": {
    "あ": {
      "start": 0,
      "end": 0.22850340136054423,
      "loop": false
    },
    "い": {
      "start": 1.05,
      "end": 1.3120181405895692,
      "loop": false
    },
    "う": {
      "start": 2.1,
      "end": 2.3851473922902495,
      "loop": false
    },
    "え": {
      "start": 3.1500000000000004,
      "end": 3.4339229024943316,
      "loop": false
    },
    "お": {
      "start": 4.200000000000001,
      "end": 4.425714285714287,
      "loop": false
    },
    "か": {
      "start": 5.250000000000002,
      "end": 5.539954648526079,
      "loop": false
    },
    "が": {
      "start": 6.300000000000002,
      "end": 6.592380952380954,
      "loop": false
    },
    "き": {
      "start": 7.350000000000001,
      "end": 7.676643990929707,
      "loop": false
    },
    "ぎ": {
      "start": 8.400000000000002,
      "end": 8.709773242630387,
      "loop": false
    },
    "く": {
      "start": 9.450000000000001,
      "end": 9.762108843537415,
      "loop": false
    },
    "ぐ": {
      "start": 10.5,
      "end": 10.803492063492063,
      "loop": false
    },
    "け": {
      "start": 11.55,
      "end": 11.851678004535149,
      "loop": false
    },
    "げ": {
      "start": 12.600000000000001,
      "end": 12.878390022675738,
      "loop": false
    },
    "こ": {
      "start": 13.650000000000002,
      "end": 13.89981859410431,
      "loop": false
    },
    "ご": {
      "start": 14.700000000000003,
      "end": 14.95965986394558,
      "loop": false
    },
    "さ": {
      "start": 15.750000000000002,
      "end": 16.114897959183676,
      "loop": false
    },
    "ざ": {
      "start": 16.8,
      "end": 17.127891156462585,
      "loop": false
    },
    "し": {
      "start": 17.85,
      "end": 18.24419501133787,
      "loop": false
    },
    "じ": {
      "start": 18.9,
      "end": 19.222562358276644,
      "loop": false
    },
    "す": {
      "start": 19.95,
      "end": 20.305578231292515,
      "loop": false
    },
    "ず": {
      "start": 20.999999999999996,
      "end": 21.333877551020404,
      "loop": false
    },
    "せ": {
      "start": 22.049999999999997,
      "end": 22.414625850340133,
      "loop": false
    },
    "ぜ": {
      "start": 23.099999999999998,
      "end": 23.428185941043083,
      "loop": false
    },
    "そ": {
      "start": 24.15,
      "end": 24.501496598639456,
      "loop": false
    },
    "ぞ": {
      "start": 25.2,
      "end": 25.497709750566894,
      "loop": false
    },
    "た": {
      "start": 26.25,
      "end": 26.55591836734694,
      "loop": false
    },
    "だ": {
      "start": 27.3,
      "end": 27.576213151927437,
      "loop": false
    },
    "ち": {
      "start": 28.349999999999998,
      "end": 28.711383219954648,
      "loop": false
    },
    "つ": {
      "start": 29.4,
      "end": 29.73333333333333,
      "loop": false
    },
    "て": {
      "start": 30.449999999999996,
      "end": 30.75208616780045,
      "loop": false
    },
    "で": {
      "start": 31.499999999999996,
      "end": 31.79147392290249,
      "loop": false
    },
    "と": {
      "start": 32.55,
      "end": 32.83791383219955,
      "loop": false
    },
    "ど": {
      "start": 33.6,
      "end": 33.86401360544218,
      "loop": false
    },
    "な": {
      "start": 34.650000000000006,
      "end": 34.950748299319734,
      "loop": false
    },
    "に": {
      "start": 35.7,
      "end": 36.018185941043086,
      "loop": false
    },
    "ぬ": {
      "start": 36.75,
      "end": 37.075600907029475,
      "loop": false
    },
    "ね": {
      "start": 37.8,
      "end": 38.13734693877551,
      "loop": false
    },
    "の": {
      "start": 38.849999999999994,
      "end": 39.14623582766439,
      "loop": false
    },
    "は": {
      "start": 39.89999999999999,
      "end": 40.241972789115636,
      "loop": false
    },
    "ば": {
      "start": 40.94999999999999,
      "end": 41.25768707482992,
      "loop": false
    },
    "ぱ": {
      "start": 41.999999999999986,
      "end": 42.29519274376416,
      "loop": false
    },
    "ひ": {
      "start": 43.04999999999999,
      "end": 43.40410430839001,
      "loop": false
    },
    "び": {
      "start": 44.09999999999999,
      "end": 44.4245804988662,
      "loop": false
    },
    "ぴ": {
      "start": 45.149999999999984,
      "end": 45.45034013605441,
      "loop": false
    },
    "ふ": {
      "start": 46.19999999999999,
      "end": 46.5718140589569,
      "loop": false
    },
    "ぶ": {
      "start": 47.249999999999986,
      "end": 47.562312925170055,
      "loop": false
    },
    "ぷ": {
      "start": 48.29999999999999,
      "end": 48.569024943310644,
      "loop": false
    },
    "へ": {
      "start": 49.34999999999999,
      "end": 49.7224036281179,
      "loop": false
    },
    "べ": {
      "start": 50.39999999999999,
      "end": 50.691451247165524,
      "loop": false
    },
    "ぺ": {
      "start": 51.44999999999999,
      "end": 51.765283446712004,
      "loop": false
    },
    "ほ": {
      "start": 52.499999999999986,
      "end": 52.758299319727875,
      "loop": false
    },
    "ぼ": {
      "start": 53.54999999999998,
      "end": 53.81873015873014,
      "loop": false
    },
    "ぽ": {
      "start": 54.59999999999998,
      "end": 54.88095238095236,
      "loop": false
    },
    "ま": {
      "start": 55.64999999999998,
      "end": 56.01723356009068,
      "loop": false
    },
    "み": {
      "start": 56.699999999999974,
      "end": 57.07448979591834,
      "loop": false
    },
    "む": {
      "start": 57.74999999999997,
      "end": 58.15625850340133,
      "loop": false
    },
    "め": {
      "start": 58.79999999999997,
      "end": 59.163945578231264,
      "loop": false
    },
    "も": {
      "start": 59.84999999999997,
      "end": 60.15666666666664,
      "loop": false
    },
    "や": {
      "start": 60.89999999999997,
      "end": 61.23419501133784,
      "loop": false
    },
    "ゆ": {
      "start": 61.94999999999997,
      "end": 62.288730158730125,
      "loop": false
    },
    "よ": {
      "start": 62.999999999999964,
      "end": 63.29848072562355,
      "loop": false
    },
    "ら": {
      "start": 64.04999999999997,
      "end": 64.38215419501131,
      "loop": false
    },
    "り": {
      "start": 65.09999999999997,
      "end": 65.42138321995462,
      "loop": false
    },
    "る": {
      "start": 66.14999999999998,
      "end": 66.50492063492061,
      "loop": false
    },
    "れ": {
      "start": 67.19999999999997,
      "end": 67.5459863945578,
      "loop": false
    },
    "ろ": {
      "start": 68.24999999999997,
      "end": 68.55956916099771,
      "loop": false
    },
    "わ": {
      "start": 69.29999999999998,
      "end": 69.62517006802719,
      "loop": false
    },
    "ん": {
      "start": 70.34999999999998,
      "end": 70.57607709750565,
      "loop": false
    },
    "きゃ": {
      "start": 71.39999999999998,
      "end": 71.74791383219953,
      "loop": false
    },
    "きゅ": {
      "start": 72.44999999999999,
      "end": 72.78047619047618,
      "loop": false
    },
    "きょ": {
      "start": 73.49999999999999,
      "end": 73.83238095238094,
      "loop": false
    },
    "ぎゃ": {
      "start": 74.55,
      "end": 74.88993197278911,
      "loop": false
    },
    "ぎゅ": {
      "start": 75.6,
      "end": 75.97911564625849,
      "loop": false
    },
    "ぎょ": {
      "start": 76.64999999999999,
      "end": 76.9795238095238,
      "loop": false
    },
    "しゃ": {
      "start": 77.69999999999999,
      "end": 78.05943310657595,
      "loop": false
    },
    "しゅ": {
      "start": 78.74999999999999,
      "end": 79.13641723356008,
      "loop": false
    },
    "しょ": {
      "start": 79.8,
      "end": 80.21643990929705,
      "loop": false
    },
    "じゃ": {
      "start": 80.85,
      "end": 81.23750566893423,
      "loop": false
    },
    "じゅ": {
      "start": 81.89999999999999,