{"あ":{"start":0,"end":0.22850340136054423},"い":{"start":1.05,"end":1.3120181405895692},"う":{"start":2.1,"end":2.3851473922902495},"え":{"start":3.1500000000000004,"end":3.4339229024943316},"お":{"start":4.200000000000001,"end":4.425714285714287},"か":{"start":5.250000000000002,"end":5.539954648526079},"が":{"start":6.300000000000002,"end":6.592380952380954},"き":{"start":7.350000000000001,"end":7.676643990929707},"ぎ":{"start":8.400000000000002,"end":8.709773242630387},"く":{"start":9.450000000000001,"end":9.762108843537415},"ぐ":{"start":10.5,"end":10.803492063492063},"け":{"start":11.55,"end":11.851678004535149},"げ":{"start":12.600000000000001,"end":12.878390022675738},"こ":{"start":13.650000000000002,"end":13.89981859410431},"ご":{"start":14.700000000000003,"end":14.95965986394558},"さ":{"start":15.750000000000002,"end":16.114897959183676},"ざ":{"start":16.8,"end":17.127891156462585},"し":{"start":17.85,"end":18.24419501133787},"じ":{"start":18.9,"end":19.222562358276644},"す":{"start":19.95,"end":20.305578231292515},"ず":{"start":20.999999999999996,"end":21.333877551020404},"せ":{"start":22.049999999999997,"end":22.414625850340133},"ぜ":{"start":23.099999999999998,"end":23.428185941043083},"そ":{"start":24.15,"end":24.501496598639456},"ぞ":{"start":25.2,"end":25.497709750566894},"た":{"start":26.25,"end":26.55591836734694},"だ":{"start":27.3,"end":27.576213151927437},"ち":{"start":28.349999999999998,"end":28.711383219954648},"つ":{"start":29.4,"end":29.73333333333333},"て":{"start":30.449999999999996,"end":30.75208616780045},"で":{"start":31.499999999999996,"end":31.79147392290249},"と":{"start":32.55,"end":32.83791383219955},"ど":{"start":33.6,"end":33.86401360544218},"な":{"start":34.650000000000006,"end":34.950748299319734},"に":{"start":35.7,"end":36.018185941043086},"ぬ":{"start":36.75,"end":37.075600907029475},"ね":{"start":37.8,"end":38.13734693877551},"の":{"start":38.849999999999994,"end":39.14623582766439},"は":{"start":39.89999999999999,"end":40.241972789115636},"ば":{"start":40.94999999999999,"end":41.25768707482992},"ぱ":{"start":41.999999999999986,"end":42.29519274376416},"ひ":{"start":43.04999999999999,"end":43.40410430839001},"び":{"start":44.09999999999999,"end":44.4245804988662},"ぴ":{"start":45.149999999999984,"end":45.45034013605441},"ふ":{"start":46.19999999999999,"end":46.5718140589569},"ぶ":{"start":47.249999999999986,"end":47.562312925170055},"ぷ":{"start":48.29999999999999,"end":48.569024943310644},"へ":{"start":49.34999999999999,"end":49.7224036281179},"べ":{"start":50.39999999999999,"end":50.691451247165524},"ぺ":{"start":51.44999999999999,"end":51.765283446712004},"ほ":{"start":52.499999999999986,"end":52.758299319727875},"ぼ":{"start":53.54999999999998,"end":53.81873015873014},"ぽ":{"start":54.59999999999998,"end":54.88095238095236},"ま":{"start":55.64999999999998,"end":56.01723356009068},"み":{"start":56.699999999999974,"end":57.07448979591834},"む":{"start":57.74999999999997,"end":58.15625850340133},"め":{"start":58.79999999999997,"end":59.163945578231264},"も":{"start":59.84999999999997,"end":60.15666666666664},"や":{"start":60.89999999999997,"end":61.23419501133784},"ゆ":{"start":61.94999999999997,"end":62.288730158730125},"よ":{"start":62.999999999999964,"end":63.29848072562355},"ら":{"start":64.04999999999997,"end":64.38215419501131},"り":{"start":65.09999999999997,"end":65.42138321995462},"る":{"start":66.14999999999998,"end":66.50492063492061},"れ":{"start":67.19999999999997,"end":67.5459863945578},"ろ":{"start":68.24999999999997,"end":68.55956916099771},"わ":{"start":69.29999999999998,"end":69.62517006802719},"ん":{"start":70.34999999999998,"end":70.57607709750565},"きゃ":{"start":71.39999999999998,"end":71.74791383219953},"きゅ":{"start":72.44999999999999,"end":72.78047619047618},"きょ":{"start":73.49999999999999,"end":73.83238095238094},"ぎゃ":{"start":74.55,"end":74.88993197278911},"ぎゅ":{"start":75.6,"end":75.97911564625849},"ぎょ":{"start":76.64999999999999,"end":76.9795238095238},"しゃ":{"start":77.69999999999999,"end":78.05943310657595},"しゅ":{"start":78.74999999999999,"end":79.13641723356008},"しょ":{"start":79.8,"end":80.21643990929705},"じゃ":{"start":80.85,"end":81.23750566893423},"じゅ":{"start":81.89999999999999,"end":82.29274376417233},"じょ":{"start":82.94999999999999,"end":83.30195011337868},"ちゃ":{"start":84,"end":84.3795238095238},"ちゅ":{"start":85.05,"end":85.39},"ちょ":{"start":86.1,"end":86.45757369614512},"にゃ":{"start":87.14999999999999,"end":87.53539682539682},"にゅ":{"start":88.19999999999999,"end":88.54022675736961},"にょ":{"start":89.25,"end":89.60591836734694},"ひゃ":{"start":90.30000000000001,"end":90.66752834467121},"ひゅ":{"start":91.35000000000001,"end":91.73557823129252},"ひょ":{"start":92.4,"end":92.77605442176872},"びゃ":{"start":93.45000000000002,"end":93.77873015873017},"びゅ":{"start":94.50000000000001,"end":94.79666666666668},"びょ":{"start":95.55000000000001,"end":95.8499546485261},"ぴゃ":{"start":96.60000000000002,"end":96.95147392290252},"ぴゅ":{"start":97.65000000000003,"end":98.0110204081633},"ぴょ":{"start":98.70000000000005,"end":99.03392290249438},"みゃ":{"start":99.75000000000006,"end":100.0866213151928},"みゅ":{"start":100.80000000000005,"end":101.14700680272114},"みょ":{"start":101.85000000000005,"end":102.17585034013611},"りゃ":{"start":102.90000000000005,"end":103.21510204081638},"りゅ":{"start":103.95000000000005,"end":104.25532879818599},"りょ":{"start":105.00000000000004,"end":105.31820861678008}}