{
  "resources": [
    "onodera.wav"
  ],
  "spritemap": {
    "あ": {
      "start": 0,
      "end": 0.3206122448979592,
      "loop": false
    },
    "い": {
      "start": 1.05,
      "end": 1.437732426303855,
      "loop": false
    },
    "う": {
      "start": 2.1,
      "end": 2.42827664399093,
      "loop": false
    },
    "え": {
      "start": 3.1500000000000004,
      "end": 3.5301587301587305,
      "loop": false
    },
    "お": {
      "start": 4.2,
      "end": 4.469183673469388,
      "loop": false
    },
    "か": {
      "start": 5.25,
      "end": 5.6308616780045355,
      "loop": false
    },
    "が": {
      "start": 6.300000000000001,
      "end": 6.711768707482994,
      "loop": false
    },
    "き": {
      "start": 7.350000000000001,
      "end": 7.787505668934242,
      "loop": false
    },
    "ぎ": {
      "start": 8.400000000000002,
      "end": 8.809455782312927,
      "loop": false
    },
    "く": {
      "start": 9.450000000000003,
      "end": 9.871541950113382,
      "loop": false
    },
    "ぐ": {
      "start": 10.500000000000004,
      "end": 10.937505668934245,
      "loop": false
    },
    "け": {
      "start": 11.550000000000004,
      "end": 11.934195011337874,
      "loop": false
    },
    "げ": {
      "start": 12.600000000000005,
      "end": 13.027777777777782,
      "loop": false
    },
    "こ": {
      "start": 13.650000000000004,
      "end": 13.958866213151932,
      "loop": false
    },
    "ご": {
      "start": 14.700000000000005,
      "end": 15.024263038548757,
      "loop": false
    },
    "さ": {
      "start": 15.750000000000004,
      "end": 16.186553287981862,
      "loop": false
    },
    "ざ": {
      "start": 16.800000000000004,
      "end": 17.300000000000004,
      "loop": false
    },
    "し": {
      "start": 17.850000000000005,
      "end": 18.318752834467126,
      "loop": false
    },
    "じ": {
      "start": 18.900000000000006,
      "end": 19.400000000000006,
      "loop": false
    },
    "す": {
      "start": 19.950000000000006,
      "end": 20.570748299319735,
      "loop": false
    },
    "ず": {
      "start": 21.000000000000007,
      "end": 21.46367346938776,
      "loop": false
    },
    "せ": {
      "start": 22.050000000000004,
      "end": 22.487505668934244,
      "loop": false
    },
    "ぜ": {
      "start": 23.100000000000005,
      "end": 23.558458049886625,
      "loop": false
    },
    "そ": {
      "start": 24.150000000000002,
      "end": 24.621541950113382,
      "loop": false
    },
    "ぞ": {
      "start": 25.200000000000003,
      "end": 25.543764172335603,
      "loop": false
    },
    "た": {
      "start": 26.250000000000004,
      "end": 26.62480725623583,
      "loop": false
    },
    "だ": {
      "start": 27.3,
      "end": 27.67090702947846,
      "loop": false
    },
    "ち": {
      "start": 28.35,
      "end": 28.744965986394558,
      "loop": false
    },
    "つ": {
      "start": 29.4,
      "end": 29.837278911564624,
      "loop": false
    },
    "て": {
      "start": 30.45,
      "end": 30.82501133786848,
      "loop": false
    },
    "で": {
      "start": 31.5,
      "end": 31.8437641723356,
      "loop": false
    },
    "と": {
      "start": 32.55,
      "end": 32.83126984126984,
      "loop": false
    },
    "ど": {
      "start": 33.599999999999994,
      "end": 33.89131519274376,
      "loop": false
    },
    "な": {
      "start": 34.65,
      "end": 35.11875283446712,
      "loop": false
    },
    "に": {
      "start": 35.699999999999996,
      "end": 36.13750566893424,
      "loop": false
    },
    "ぬ": {
      "start": 36.75,
      "end": 37.182585034013606,
      "loop": false
    },
    "ね": {
      "start": 37.8,
      "end": 38.23215419501133,
      "loop": false
    },
    "の": {
      "start": 38.849999999999994,
      "end": 39.18632653061224,
      "loop": false
    },
    "は": {
      "start": 39.9,
      "end": 40.30471655328798,
      "loop": false
    },
    "ば": {
      "start": 40.95,
      "end": 41.29215419501134,
      "loop": false
    },
    "ぱ": {
      "start": 42.00000000000001,
      "end": 42.3913605442177,
      "loop": false
    },
    "ひ": {
      "start": 43.05000000000001,
      "end": 43.42501133786849,
      "loop": false
    },
    "び": {
      "start": 44.10000000000001,
      "end": 44.47501133786849,
      "loop": false
    },
    "ぴ": {
      "start": 45.150000000000006,
      "end": 45.58750566893425,
      "loop": false
    },
    "ふ": {
      "start": 46.20000000000001,
      "end": 46.5667120181406,
      "loop": false
    },
    "ぶ": {
      "start": 47.25000000000001,
      "end": 47.64938775510205,
      "loop": false
    },
    "ぷ": {
      "start": 48.300000000000004,
      "end": 48.68054421768708,
      "loop": false
    },
    "へ": {
      "start": 49.35,
      "end": 49.72501133786848,
      "loop": false
    },
    "べ": {
      "start": 50.4,
      "end": 50.86875283446712,
      "loop": false
    },
    "ぺ": {
      "start": 51.449999999999996,
      "end": 51.825011337868474,
      "loop": false
    },
    "ほ": {
      "start": 52.49999999999999,
      "end": 52.78126984126983,
      "loop": false
    },
    "ぼ": {
      "start": 53.54999999999999,
      "end": 53.86929705215419,
      "loop": false
    },
    "ぽ": {
      "start": 54.599999999999994,
      "end": 54.9437641723356,
      "loop": false
    },
    "ま": {
      "start": 55.65,
      "end": 56.15854875283446,
      "loop": false
    },
    "み": {
      "start": 56.699999999999996,
      "end": 57.168752834467114,
      "loop": false
    },
    "む": {
      "start": 57.74999999999999,
      "end": 58.202086167800445,
      "loop": false
    },
    "め": {
      "start": 58.79999999999999,
      "end": 59.26875283446711,
      "loop": false
    },
    "も": {
      "start": 59.84999999999999,
      "end": 60.225011337868466,
      "loop": false
    },
    "や": {
      "start": 60.899999999999984,
      "end": 61.38342403628116,
      "loop": false
    },
    "ゆ": {
      "start": 61.94999999999998,
      "end": 62.41659863945576,
      "loop": false
    },
    "よ": {
      "start": 62.99999999999998,
      "end": 63.391768707482974,
      "loop": false
    },
    "ら": {
      "start": 64.04999999999998,
      "end": 64.54999999999998,
      "loop": false
    },
    "り": {
      "start": 65.09999999999998,
      "end": 65.53750566893422,
      "loop": false
    },
    "る": {
      "start": 66.14999999999998,
      "end": 66.63448979591834,
      "loop": false
    },
    "れ": {
      "start": 67.19999999999997,
      "end": 67.6687528344671,
      "loop": false
    },
    "ろ": {
      "start": 68.24999999999999,
      "end": 68.67959183673467,
      "loop": false
    },
    "わ": {
      "start": 69.29999999999998,
      "end": 69.67306122448979,
      "loop": false
    },
    "ん": {
      "start": 70.35,
      "end": 70.70185941043083,
      "loop": false
    },
    "きゃ": {
      "start": 71.39999999999999,
      "end": 71.86065759637188,
      "loop": false
    },
    "きゅ": {
      "start": 72.45,
      "end": 72.89308390022676,
      "loop": false
    },
    "きょ": {
      "start": 73.5,
      "end": 73.81834467120181,
      "loop": false
    },
    "ぎゃ": {
      "start": 74.55,
      "end": 75.01283446712017,
      "loop": false
    },
    "ぎゅ": {
      "start": 75.6,
      "end": 76.09877551020408,
      "loop": false
    },
    "ぎょ": {
      "start": 76.64999999999999,
      "end": 77.00641723356009,
      "loop": false
    },
    "しゃ": {
      "start": 77.69999999999999,
      "end": 78.13437641723355,
      "loop": false
    },
    "しゅ": {
      "start": 78.75,
      "end": 79.2362358276644,
      "loop": false
    },
    "しょ": {
      "start": 79.8,
      "end": 80.12802721088435,
      "loop": false
    },
    "じゃ": {
      "start": 80.85,
      "end": 81.42501133786847,
      "loop": false
    },
    "じゅ": {
      "start": 81.89999999999999,
      "end": 82.40789115646258,
      "loop": false
    },