{"あ":{"start":0,"end":0.24834467120181405},"い":{"start":1.05,"end":1.5515419501133787},"う":{"start":2.1,"end":2.3905895691609977},"え":{"start":3.1500000000000004,"end":3.3877551020408165},"お":{"start":4.2,"end":4.395646258503402},"か":{"start":5.250000000000001,"end":5.499410430839003},"が":{"start":6.300000000000001,"end":6.593764172335602},"き":{"start":7.350000000000001,"end":7.760839002267575},"ぎ":{"start":8.400000000000002,"end":8.818775510204084},"く":{"start":9.450000000000003,"end":9.77417233560091},"ぐ":{"start":10.500000000000004,"end":10.97244897959184},"け":{"start":11.550000000000004,"end":11.83945578231293},"げ":{"start":12.600000000000005,"end":12.915170068027216},"こ":{"start":13.650000000000006,"end":13.923741496598645},"ご":{"start":14.700000000000005,"end":14.984965986394563},"さ":{"start":15.750000000000005,"end":16.085487528344675},"ざ":{"start":16.800000000000004,"end":17.07918367346939},"し":{"start":17.85,"end":18.29027210884354},"じ":{"start":18.900000000000002,"end":19.35},"す":{"start":19.950000000000003,"end":20.475011337868484},"ず":{"start":21.000000000000004,"end":21.311927437641728},"せ":{"start":22.050000000000004,"end":22.452358276643995},"ぜ":{"start":23.100000000000005,"end":23.38104308390023},"そ":{"start":24.150000000000006,"end":24.535918367346945},"ぞ":{"start":25.200000000000006,"end":25.46585034013606},"た":{"start":26.250000000000007,"end":26.46002267573697},"だ":{"start":27.300000000000008,"end":27.539002267573704},"ち":{"start":28.35000000000001,"end":28.747460317460327},"つ":{"start":29.40000000000001,"end":29.804195011337878},"て":{"start":30.45000000000001,"end":30.71535147392291},"で":{"start":31.50000000000001,"end":31.810566893424046},"と":{"start":32.55000000000001,"end":32.798027210884364},"ど":{"start":33.60000000000001,"end":33.8770068027211},"な":{"start":34.65000000000001,"end":35.15000000000001},"に":{"start":35.70000000000001,"end":36.10000000000001},"ぬ":{"start":36.75000000000001,"end":37.27555555555556},"ね":{"start":37.800000000000004,"end":38.300000000000004},"の":{"start":38.85,"end":39.42501133786848},"は":{"start":39.900000000000006,"end":40.49505668934241},"ば":{"start":40.95000000000001,"end":41.20984126984128},"ぱ":{"start":42.00000000000001,"end":42.227482993197285},"ひ":{"start":43.050000000000004,"end":43.67501133786848},"び":{"start":44.1,"end":44.56875283446712},"ぴ":{"start":45.15,"end":45.43303854875283},"ふ":{"start":46.199999999999996,"end":46.74999999999999},"ぶ":{"start":47.24999999999999,"end":47.575011337868474},"ぷ":{"start":48.3,"end":48.62988662131519},"へ":{"start":49.349999999999994,"end":50.078820861678},"べ":{"start":50.39999999999999,"end":50.71854875283446},"ぺ":{"start":51.44999999999999,"end":51.871723356009056},"ほ":{"start":52.499999999999986,"end":52.871836734693865},"ぼ":{"start":53.54999999999999,"end":53.812471655328785},"ぽ":{"start":54.59999999999999,"end":54.83503401360543},"ま":{"start":55.649999999999984,"end":55.99752834467119},"み":{"start":56.69999999999999,"end":57.09999999999999},"む":{"start":57.749999999999986,"end":58.44999999999999},"め":{"start":58.79999999999999,"end":59.32501133786847},"も":{"start":59.84999999999999,"end":60.29999999999999},"や":{"start":60.89999999999999,"end":61.268004535147384},"ゆ":{"start":61.94999999999999,"end":62.52360544217686},"よ":{"start":62.999999999999986,"end":63.45410430839001},"ら":{"start":64.04999999999998,"end":64.40591836734693},"り":{"start":65.1,"end":65.72501133786848},"る":{"start":66.15,"end":66.65},"れ":{"start":67.2,"end":67.75},"ろ":{"start":68.25,"end":68.62501133786849},"わ":{"start":69.30000000000001,"end":69.60705215419502},"ん":{"start":70.35000000000001,"end":71.08278911564626},"きゃ":{"start":71.4,"end":71.81251700680272},"きゅ":{"start":72.45,"end":72.90761904761905},"きょ":{"start":73.5,"end":73.85077097505669},"ぎゃ":{"start":74.55,"end":75.01707482993197},"ぎゅ":{"start":75.6,"end":76.06995464852608},"ぎょ":{"start":76.65,"end":76.9268934240363},"しゃ":{"start":77.70000000000002,"end":78.05825396825398},"しゅ":{"start":78.75000000000001,"end":79.21185941043085},"しょ":{"start":79.80000000000001,"end":80.21682539682541},"じゃ":{"start":80.85000000000002,"end":81.1341950113379},"じゅ":{"start":81.90000000000002,"end":82.49664399092973},"じょ":{"start":82.95000000000002,"end":83.3197732426304},"ちゃ":{"start":84.00000000000001,"end":84.3556009070295},"ちゅ":{"start":85.05000000000003,"end":85.67975056689345},"ちょ":{"start":86.10000000000002,"end":86.51351473922905},"にゃ":{"start":87.15000000000003,"end":87.52424036281182},"にゅ":{"start":88.20000000000003,"end":88.62945578231296},"にょ":{"start":89.25000000000003,"end":89.63412698412701},"ひゃ":{"start":90.30000000000003,"end":90.6774829931973},"ひゅ":{"start":91.35000000000002,"end":91.85387755102043},"ひょ":{"start":92.40000000000002,"end":92.81668934240365},"びゃ":{"start":93.45000000000002,"end":93.74043083900229},"びゅ":{"start":94.50000000000001,"end":94.82501133786849},"びょ":{"start":95.55000000000001,"end":95.86997732426305},"ぴゃ":{"start":96.60000000000001,"end":96.92120181405896},"ぴゅ":{"start":97.65,"end":98.40995464852608},"ぴょ":{"start":98.7,"end":99.17174603174604},"みゃ":{"start":99.75000000000001,"end":100.082358276644},"みゅ":{"start":100.80000000000001,"end":101.19705215419502},"みょ":{"start":101.85000000000001,"end":102.16185941043085},"りゃ":{"start":102.9,"end":103.29070294784582},"りゅ":{"start":103.95000000000002,"end":104.45850340136056},"りょ":{"start":105.00000000000001,"end":105.42009070294786}}