{
  "resources": [
    "otabe.wav"
  ],
  "spritemap": {
    "あ": {
      "start": 0,
      "end": 0.24834467120181405,
      "loop": false
    },
    "い": {
      "start": 1.05,
      "end": 1.5515419501133787,
      "loop": false
    },
    "う": {
      "start": 2.1,
      "end": 2.3905895691609977,
      "loop": false
    },
    "え": {
      "start": 3.1500000000000004,
      "end": 3.3877551020408165,
      "loop": false
    },
    "お": {
      "start": 4.2,
      "end": 4.395646258503402,
      "loop": false
    },
    "か": {
      "start": 5.250000000000001,
      "end": 5.499410430839003,
      "loop": false
    },
    "が": {
      "start": 6.300000000000001,
      "end": 6.593764172335602,
      "loop": false
    },
    "き": {
      "start": 7.350000000000001,
      "end": 7.760839002267575,
      "loop": false
    },
    "ぎ": {
      "start": 8.400000000000002,
      "end": 8.818775510204084,
      "loop": false
    },
    "く": {
      "start": 9.450000000000003,
      "end": 9.77417233560091,
      "loop": false
    },
    "ぐ": {
      "start": 10.500000000000004,
      "end": 10.97244897959184,
      "loop": false
    },
    "け": {
      "start": 11.550000000000004,
      "end": 11.83945578231293,
      "loop": false
    },
    "げ": {
      "start": 12.600000000000005,
      "end": 12.915170068027216,
      "loop": false
    },
    "こ": {
      "start": 13.650000000000006,
      "end": 13.923741496598645,
      "loop": false
    },
    "ご": {
      "start": 14.700000000000005,
      "end": 14.984965986394563,
      "loop": false
    },
    "さ": {
      "start": 15.750000000000005,
      "end": 16.085487528344675,
      "loop": false
    },
    "ざ": {
      "start": 16.800000000000004,
      "end": 17.07918367346939,
      "loop": false
    },
    "し": {
      "start": 17.85,
      "end": 18.29027210884354,
      "loop": false
    },
    "じ": {
      "start": 18.900000000000002,
      "end": 19.35,
      "loop": false
    },
    "す": {
      "start": 19.950000000000003,
      "end": 20.475011337868484,
      "loop": false
    },
    "ず": {
      "start": 21.000000000000004,
      "end": 21.311927437641728,
      "loop": false
    },
    "せ": {
      "start": 22.050000000000004,
      "end": 22.452358276643995,
      "loop": false
    },
    "ぜ": {
      "start": 23.100000000000005,
      "end": 23.38104308390023,
      "loop": false
    },
    "そ": {
      "start": 24.150000000000006,
      "end": 24.535918367346945,
      "loop": false
    },
    "ぞ": {
      "start": 25.200000000000006,
      "end": 25.46585034013606,
      "loop": false
    },
    "た": {
      "start": 26.250000000000007,
      "end": 26.46002267573697,
      "loop": false
    },
    "だ": {
      "start": 27.300000000000008,
      "end": 27.539002267573704,
      "loop": false
    },
    "ち": {
      "start": 28.35000000000001,
      "end": 28.747460317460327,
      "loop": false
    },
    "つ": {
      "start": 29.40000000000001,
      "end": 29.804195011337878,
      "loop": false
    },
    "て": {
      "start": 30.45000000000001,
      "end": 30.71535147392291,
      "loop": false
    },
    "で": {
      "start": 31.50000000000001,
      "end": 31.810566893424046,
      "loop": false
    },
    "と": {
      "start": 32.55000000000001,
      "end": 32.798027210884364,
      "loop": false
    },
    "ど": {
      "start": 33.60000000000001,
      "end": 33.8770068027211,
      "loop": false
    },
    "な": {
      "start": 34.65000000000001,
      "end": 35.15000000000001,
      "loop": false
    },
    "に": {
      "start": 35.70000000000001,
      "end": 36.10000000000001,
      "loop": false
    },
    "ぬ": {
      "start": 36.75000000000001,
      "end": 37.27555555555556,
      "loop": false
    },
    "ね": {
      "start": 37.800000000000004,
      "end": 38.300000000000004,
      "loop": false
    },
    "の": {
      "start": 38.85,
      "end": 39.42501133786848,
      "loop": false
    },
    "は": {
      "start": 39.900000000000006,
      "end": 40.49505668934241,
      "loop": false
    },
    "ば": {
      "start": 40.95000000000001,
      "end": 41.20984126984128,
      "loop": false
    },
    "ぱ": {
      "start": 42.00000000000001,
      "end": 42.227482993197285,
      "loop": false
    },
    "ひ": {
      "start": 43.050000000000004,
      "end": 43.67501133786848,
      "loop": false
    },
    "び": {
      "start": 44.1,
      "end": 44.56875283446712,
      "loop": false
    },
    "ぴ": {
      "start": 45.15,
      "end": 45.43303854875283,
      "loop": false
    },
    "ふ": {
      "start": 46.199999999999996,
      "end": 46.74999999999999,
      "loop": false
    },
    "ぶ": {
      "start": 47.24999999999999,
      "end": 47.575011337868474,
      "loop": false
    },
    "ぷ": {
      "start": 48.3,
      "end": 48.62988662131519,
      "loop": false
    },
    "へ": {
      "start": 49.349999999999994,
      "end": 50.078820861678,
      "loop": false
    },
    "べ": {
      "start": 50.39999999999999,
      "end": 50.71854875283446,
      "loop": false
    },
    "ぺ": {
      "start": 51.44999999999999,
      "end": 51.871723356009056,
      "loop": false
    },
    "ほ": {
      "start": 52.499999999999986,
      "end": 52.871836734693865,
      "loop": false
    },
    "ぼ": {
      "start": 53.54999999999999,
      "end": 53.812471655328785,
      "loop": false
    },
    "ぽ": {
      "start": 54.59999999999999,
      "end": 54.83503401360543,
      "loop": false
    },
    "ま": {
      "start": 55.649999999999984,
      "end": 55.99752834467119,
      "loop": false
    },
    "み": {
      "start": 56.69999999999999,
      "end": 57.09999999999999,
      "loop": false
    },
    "む": {
      "start": 57.749999999999986,
      "end": 58.44999999999999,
      "loop": false
    },
    "め": {
      "start": 58.79999999999999,
      "end": 59.32501133786847,
      "loop": false
    },
    "も": {
      "start": 59.84999999999999,
      "end": 60.29999999999999,
      "loop": false
    },
    "や": {
      "start": 60.89999999999999,
      "end": 61.268004535147384,
      "loop": false
    },
    "ゆ": {
      "start": 61.94999999999999,
      "end": 62.52360544217686,
      "loop": false
    },
    "よ": {
      "start": 62.999999999999986,
      "end": 63.45410430839001,
      "loop": false
    },
    "ら": {
      "start": 64.04999999999998,
      "end": 64.40591836734693,
      "loop": false
    },
    "り": {
      "start": 65.1,
      "end": 65.72501133786848,
      "loop": false
    },
    "る": {
      "start": 66.15,
      "end": 66.65,
      "loop": false
    },
    "れ": {
      "start": 67.2,
      "end": 67.75,
      "loop": false
    },
    "ろ": {
      "start": 68.25,
      "end": 68.62501133786849,
      "loop": false
    },
    "わ": {
      "start": 69.30000000000001,
      "end": 69.60705215419502,
      "loop": false
    },
    "ん": {
      "start": 70.35000000000001,
      "end": 71.08278911564626,
      "loop": false
    },
    "きゃ": {
      "start": 71.4,
      "end": 71.81251700680272,
      "loop": false
    },
    "きゅ": {
      "start": 72.45,
      "end": 72.90761904761905,
      "loop": false
    },
    "きょ": {
      "start": 73.5,
      "end": 73.85077097505669,
      "loop": false
    },
    "ぎゃ": {
      "start": 74.55,
      "end": 75.01707482993197,
      "loop": false
    },
    "ぎゅ": {
      "start": 75.6,
      "end": 76.06995464852608,
      "loop": false
    },
    "ぎょ": {
      "start": 76.65,
      "end": 76.9268934240363,
      "loop": false
    },
    "しゃ": {
      "start": 77.70000000000002,
      "end": 78.05825396825398,
      "loop": false
    },
    "しゅ": {
      "start": 78.75000000000001,
      "end": 79.21185941043085,
      "loop": false
    },
    "しょ": {
      "start": 79.80000000000001,
      "end": 80.21682539682541,
      "loop": false
    },
    "じゃ": {
      "start": 80.85000000000002,
      "end": 81.1341950113379,
      "loop": false
    },
    "じゅ": {
      "start": 81.90000000000002,