{
  "resources": [
    "result.wav"
  ],
  "spritemap": {
    "あ": {
      "start": 0,
      "end": 0.3325396825396825,
      "loop": false
    },
    "い": {
      "start": 1.05,
      "end": 1.55,
      "loop": false
    },
    "う": {
      "start": 2.1,
      "end": 2.6,
      "loop": false
    },
    "え": {
      "start": 3.1500000000000004,
      "end": 3.7125170068027216,
      "loop": false
    },
    "お": {
      "start": 4.2,
      "end": 4.56390022675737,
      "loop": false
    },
    "か": {
      "start": 5.25,
      "end": 5.793764172335601,
      "loop": false
    },
    "が": {
      "start": 6.300000000000001,
      "end": 6.649977324263039,
      "loop": false
    },
    "き": {
      "start": 7.3500000000000005,
      "end": 8.060340136054423,
      "loop": false
    },
    "ぎ": {
      "start": 8.4,
      "end": 8.9937641723356,
      "loop": false
    },
    "く": {
      "start": 9.45,
      "end": 10.168752834467119,
      "loop": false
    },
    "ぐ": {
      "start": 10.499999999999998,
      "end": 11.0156462585034,
      "loop": false
    },
    "け": {
      "start": 11.549999999999999,
      "end": 12.240861678004535,
      "loop": false
    },
    "げ": {
      "start": 12.6,
      "end": 13.071814058956916,
      "loop": false
    },
    "こ": {
      "start": 13.65,
      "end": 14.11732426303855,
      "loop": false
    },
    "ご": {
      "start": 14.700000000000001,
      "end": 15.038458049886623,
      "loop": false
    },
    "さ": {
      "start": 15.750000000000002,
      "end": 16.356258503401364,
      "loop": false
    },
    "ざ": {
      "start": 16.800000000000004,
      "end": 17.255782312925174,
      "loop": false
    },
    "し": {
      "start": 17.850000000000005,
      "end": 18.537505668934244,
      "loop": false
    },
    "じ": {
      "start": 18.900000000000006,
      "end": 19.384376417233565,
      "loop": false
    },
    "す": {
      "start": 19.950000000000003,
      "end": 20.606258503401364,
      "loop": false
    },
    "ず": {
      "start": 21.000000000000004,
      "end": 21.52587301587302,
      "loop": false
    },
    "せ": {
      "start": 22.050000000000004,
      "end": 22.768752834467126,
      "loop": false
    },
    "ぜ": {
      "start": 23.100000000000005,
      "end": 23.678140589569168,
      "loop": false
    },
    "そ": {
      "start": 24.150000000000006,
      "end": 24.931269841269845,
      "loop": false
    },
    "ぞ": {
      "start": 25.200000000000003,
      "end": 25.631269841269845,
      "loop": false
    },
    "た": {
      "start": 26.250000000000004,
      "end": 27.131269841269845,
      "loop": false
    },
    "だ": {
      "start": 27.300000000000004,
      "end": 27.83820861678005,
      "loop": false
    },
    "ち": {
      "start": 28.350000000000005,
      "end": 29.071609977324268,
      "loop": false
    },
    "つ": {
      "start": 29.400000000000006,
      "end": 30.150000000000006,
      "loop": false
    },
    "て": {
      "start": 30.450000000000006,
      "end": 31.387505668934246,
      "loop": false
    },
    "で": {
      "start": 31.500000000000007,
      "end": 32.05625850340137,
      "loop": false
    },
    "と": {
      "start": 32.550000000000004,
      "end": 33.14376417233561,
      "loop": false
    },
    "ど": {
      "start": 33.60000000000001,
      "end": 34.125011337868486,
      "loop": false
    },
    "な": {
      "start": 34.650000000000006,
      "end": 35.150000000000006,
      "loop": false
    },
    "に": {
      "start": 35.7,
      "end": 36.1,
      "loop": false
    },
    "ぬ": {
      "start": 36.75,
      "end": 37.275555555555556,
      "loop": false
    },
    "ね": {
      "start": 37.8,
      "end": 38.3,
      "loop": false
    },
    "の": {
      "start": 38.849999999999994,
      "end": 39.425011337868476,
      "loop": false
    },
    "は": {
      "start": 39.9,
      "end": 40.330566893424034,
      "loop": false
    },
    "ば": {
      "start": 40.949999999999996,
      "end": 41.29009070294784,
      "loop": false
    },
    "ぱ": {
      "start": 42,
      "end": 42.5156462585034,
      "loop": false
    },
    "ひ": {
      "start": 43.05,
      "end": 43.83126984126984,
      "loop": false
    },
    "び": {
      "start": 44.099999999999994,
      "end": 44.56875283446711,
      "loop": false
    },
    "ぴ": {
      "start": 45.14999999999999,
      "end": 45.68126984126983,
      "loop": false
    },
    "ふ": {
      "start": 46.19999999999999,
      "end": 46.85571428571427,
      "loop": false
    },
    "ぶ": {
      "start": 47.249999999999986,
      "end": 47.749999999999986,
      "loop": false
    },
    "ぷ": {
      "start": 48.29999999999998,
      "end": 48.703129251700666,
      "loop": false
    },
    "へ": {
      "start": 49.34999999999999,
      "end": 50.068752834467105,
      "loop": false
    },
    "べ": {
      "start": 50.399999999999984,
      "end": 50.8687528344671,
      "loop": false
    },
    "ぺ": {
      "start": 51.44999999999998,
      "end": 51.996893424036266,
      "loop": false
    },
    "ほ": {
      "start": 52.499999999999986,
      "end": 53.137505668934224,
      "loop": false
    },
    "ぼ": {
      "start": 53.54999999999998,
      "end": 53.90664399092969,
      "loop": false
    },
    "ぽ": {
      "start": 54.59999999999998,
      "end": 55.0125170068027,
      "loop": false
    },
    "ま": {
      "start": 55.649999999999984,
      "end": 56.16868480725622,
      "loop": false
    },
    "み": {
      "start": 56.69999999999998,
      "end": 57.44999999999998,
      "loop": false
    },
    "む": {
      "start": 57.74999999999998,
      "end": 58.468480725623564,
      "loop": false
    },
    "め": {
      "start": 58.79999999999998,
      "end": 59.612517006802705,
      "loop": false
    },
    "も": {
      "start": 59.84999999999998,
      "end": 60.310249433106556,
      "loop": false
    },
    "や": {
      "start": 60.89999999999998,
      "end": 61.52188208616778,
      "loop": false
    },
    "ゆ": {
      "start": 61.949999999999974,
      "end": 62.512517006802696,
      "loop": false
    },
    "よ": {
      "start": 62.99999999999997,
      "end": 63.40709750566891,
      "loop": false
    },
    "ら": {
      "start": 64.04999999999997,
      "end": 64.52662131519271,
      "loop": false
    },
    "り": {
      "start": 65.09999999999997,
      "end": 65.61641723356006,
      "loop": false
    },
    "る": {
      "start": 66.14999999999996,
      "end": 66.57907029478454,
      "loop": false
    },
    "れ": {
      "start": 67.19999999999996,
      "end": 67.96564625850336,
      "loop": false
    },
    "ろ": {
      "start": 68.24999999999996,
      "end": 68.59841269841266,
      "loop": false
    },
    "わ": {
      "start": 69.29999999999995,
      "end": 69.62845804988658,
      "loop": false
    },
    "ん": {
      "start": 70.34999999999995,
      "end": 71.08437641723351,
      "loop": false
    },
    "きゃ": {
      "start": 71.39999999999995,
      "end": 71.78820861678,
      "loop": false
    },
    "きゅ": {
      "start": 72.44999999999995,
      "end": 72.90451247165528,
      "loop": false
    },
    "きょ": {
      "start": 73.49999999999996,
      "end": 73.90176870748294,
      "loop": false
    },
    "ぎゃ": {
      "start": 74.54999999999995,
      "end": 74.93376417233556,
      "loop": false
    },
    "ぎゅ": {
      "start": 75.59999999999995,
      "end": 75.93047619047614,
      "loop": false
    },
    "ぎょ": {
      "start": 76.64999999999995,
      "end": 76.90337868480721,
      "loop": false
    },
    "しゃ": {
      "start": 77.69999999999995,
      "end": 78.14850340136049,
      "loop": false
    },
    "しゅ": {
      "start": 78.74999999999994,
      "end": 79.27111111111105,
      "loop": false
    },
    "しょ": {
      "start": 79.79999999999994,
      "end": 80.39897959183668,
      "loop": false
    },
    "じゃ": {
      "start": 80.84999999999994,
      "end": 81.19133786848066,
      "loop": false
    },