{
  "resources": [
    "takaki.wav"
  ],
  "spritemap": {
    "あ": {
      "start": 0,
      "end": 0.2416326530612245,
      "loop": false
    },
    "い": {
      "start": 1.05,
      "end": 1.2954648526077097,
      "loop": false
    },
    "う": {
      "start": 2.1,
      "end": 2.383764172335601,
      "loop": false
    },
    "え": {
      "start": 3.1500000000000004,
      "end": 3.4271428571428575,
      "loop": false
    },
    "お": {
      "start": 4.2,
      "end": 4.4812698412698415,
      "loop": false
    },
    "か": {
      "start": 5.25,
      "end": 5.541995464852608,
      "loop": false
    },
    "が": {
      "start": 6.300000000000001,
      "end": 6.560521541950114,
      "loop": false
    },
    "き": {
      "start": 7.3500000000000005,
      "end": 7.668140589569162,
      "loop": false
    },
    "ぎ": {
      "start": 8.4,
      "end": 8.687573696145126,
      "loop": false
    },
    "く": {
      "start": 9.450000000000001,
      "end": 9.735487528344672,
      "loop": false
    },
    "ぐ": {
      "start": 10.5,
      "end": 10.779251700680271,
      "loop": false
    },
    "け": {
      "start": 11.549999999999999,
      "end": 11.84362811791383,
      "loop": false
    },
    "げ": {
      "start": 12.599999999999998,
      "end": 12.86034013605442,
      "loop": false
    },
    "こ": {
      "start": 13.649999999999999,
      "end": 13.898367346938775,
      "loop": false
    },
    "ご": {
      "start": 14.7,
      "end": 14.951292517006802,
      "loop": false
    },
    "さ": {
      "start": 15.75,
      "end": 16.095396825396826,
      "loop": false
    },
    "ざ": {
      "start": 16.8,
      "end": 17.129591836734694,
      "loop": false
    },
    "し": {
      "start": 17.85,
      "end": 18.336643990929705,
      "loop": false
    },
    "じ": {
      "start": 18.9,
      "end": 19.193492063492062,
      "loop": false
    },
    "す": {
      "start": 19.95,
      "end": 20.45,
      "loop": false
    },
    "ず": {
      "start": 21,
      "end": 21.372607709750568,
      "loop": false
    },
    "せ": {
      "start": 22.05,
      "end": 22.43,
      "loop": false
    },
    "ぜ": {
      "start": 23.1,
      "end": 23.431814058956917,
      "loop": false
    },
    "そ": {
      "start": 24.150000000000002,
      "end": 24.512335600907033,
      "loop": false
    },
    "ぞ": {
      "start": 25.200000000000003,
      "end": 25.477233560090706,
      "loop": false
    },
    "た": {
      "start": 26.250000000000004,
      "end": 26.53854875283447,
      "loop": false
    },
    "だ": {
      "start": 27.3,
      "end": 27.564625850340136,
      "loop": false
    },
    "ち": {
      "start": 28.349999999999998,
      "end": 28.705578231292513,
      "loop": false
    },
    "つ": {
      "start": 29.399999999999995,
      "end": 29.759047619047614,
      "loop": false
    },
    "て": {
      "start": 30.449999999999996,
      "end": 30.74569160997732,
      "loop": false
    },
    "で": {
      "start": 31.499999999999996,
      "end": 31.752154195011336,
      "loop": false
    },
    "と": {
      "start": 32.55,
      "end": 32.79052154195011,
      "loop": false
    },
    "ど": {
      "start": 33.6,
      "end": 33.850521541950116,
      "loop": false
    },
    "な": {
      "start": 34.650000000000006,
      "end": 34.94331065759638,
      "loop": false
    },
    "に": {
      "start": 35.7,
      "end": 36.00249433106576,
      "loop": false
    },
    "ぬ": {
      "start": 36.75,
      "end": 37.06433106575964,
      "loop": false
    },
    "ね": {
      "start": 37.800000000000004,
      "end": 38.089115646258506,
      "loop": false
    },
    "の": {
      "start": 38.85,
      "end": 39.11709750566894,
      "loop": false
    },
    "は": {
      "start": 39.900000000000006,
      "end": 40.25258503401361,
      "loop": false
    },
    "ば": {
      "start": 40.95000000000001,
      "end": 41.220702947845815,
      "loop": false
    },
    "ぱ": {
      "start": 42.00000000000001,
      "end": 42.28718820861679,
      "loop": false
    },
    "ひ": {
      "start": 43.05000000000001,
      "end": 43.43519274376418,
      "loop": false
    },
    "び": {
      "start": 44.10000000000001,
      "end": 44.34015873015874,
      "loop": false
    },
    "ぴ": {
      "start": 45.15000000000001,
      "end": 45.42591836734695,
      "loop": false
    },
    "ふ": {
      "start": 46.20000000000002,
      "end": 46.57643990929707,
      "loop": false
    },
    "ぶ": {
      "start": 47.25000000000002,
      "end": 47.52496598639458,
      "loop": false
    },
    "ぷ": {
      "start": 48.30000000000002,
      "end": 48.60752834467122,
      "loop": false
    },
    "へ": {
      "start": 49.35000000000002,
      "end": 49.64208616780048,
      "loop": false
    },
    "べ": {
      "start": 50.40000000000003,
      "end": 50.679795918367375,
      "loop": false
    },
    "ぺ": {
      "start": 51.45000000000003,
      "end": 51.7398412698413,
      "loop": false
    },
    "ほ": {
      "start": 52.50000000000003,
      "end": 52.76959183673472,
      "loop": false
    },
    "ぼ": {
      "start": 53.550000000000026,
      "end": 53.79151927437644,
      "loop": false
    },
    "ぽ": {
      "start": 54.60000000000002,
      "end": 54.861768707483016,
      "loop": false
    },
    "ま": {
      "start": 55.65000000000002,
      "end": 55.954761904761924,
      "loop": false
    },
    "み": {
      "start": 56.70000000000002,
      "end": 56.93675736961453,
      "loop": false
    },
    "む": {
      "start": 57.75000000000002,
      "end": 58.03512471655331,
      "loop": false
    },
    "め": {
      "start": 58.800000000000026,
      "end": 59.06251700680275,
      "loop": false
    },
    "も": {
      "start": 59.85000000000003,
      "end": 60.11471655328801,
      "loop": false
    },
    "や": {
      "start": 60.900000000000034,
      "end": 61.19061224489799,
      "loop": false
    },
    "ゆ": {
      "start": 61.95000000000003,
      "end": 62.20206349206352,
      "loop": false
    },
    "よ": {
      "start": 63.00000000000003,
      "end": 63.24555555555558,
      "loop": false
    },
    "ら": {
      "start": 64.05000000000003,
      "end": 64.33873015873019,
      "loop": false
    },
    "り": {
      "start": 65.10000000000002,
      "end": 65.4015419501134,
      "loop": false
    },
    "る": {
      "start": 66.15000000000002,
      "end": 66.49006802721091,
      "loop": false
    },
    "れ": {
      "start": 67.20000000000003,
      "end": 67.52759637188211,
      "loop": false
    },
    "ろ": {
      "start": 68.25000000000003,
      "end": 68.52253968253972,
      "loop": false
    },
    "わ": {
      "start": 69.30000000000004,
      "end": 69.63034013605446,
      "loop": false
    },
    "ん": {
      "start": 70.35000000000004,
      "end": 70.68027210884357,
      "loop": false
    },
    "きゃ": {
      "start": 71.40000000000003,
      "end": 71.66879818594107,
      "loop": false
    },
    "きゅ": {
      "start": 72.45000000000003,
      "end": 72.75489795918371,
      "loop": false
    },
    "きょ": {
      "start": 73.50000000000003,
      "end": 73.7620181405896,
      "loop": false
    },
    "ぎゃ": {
      "start": 74.55000000000004,
      "end": 74.84024943310662,
      "loop": false
    },
    "ぎゅ": {
      "start": 75.60000000000005,
      "end": 75.884149659864,
      "loop": false
    },
    "ぎょ": {
      "start": 76.65000000000005,
      "end": 76.93777777777782,
      "loop": false
    },
    "しゃ": {
      "start": 77.70000000000005,
      "end": 78.10394557823133,
      "loop": false
    },
    "しゅ": {
      "start": 78.75000000000004,
      "end": 79.16281179138326,
      "loop": false
    },
    "しょ": {
      "start": 79.80000000000004,
      "end": 80.16199546485265,
      "loop": false
    },
    "じゃ": {
      "start": 80.85000000000004,
      "end": 81.1361904761905,
      "loop": false
    },
    "じゅ": {
      "start": 81.90000000000003,
      "end": 82.17122448979595,