{"あ":{"start":0,"end":0.2416326530612245},"い":{"start":1.05,"end":1.2954648526077097},"う":{"start":2.1,"end":2.383764172335601},"え":{"start":3.1500000000000004,"end":3.4271428571428575},"お":{"start":4.2,"end":4.4812698412698415},"か":{"start":5.25,"end":5.541995464852608},"が":{"start":6.300000000000001,"end":6.560521541950114},"き":{"start":7.3500000000000005,"end":7.668140589569162},"ぎ":{"start":8.4,"end":8.687573696145126},"く":{"start":9.450000000000001,"end":9.735487528344672},"ぐ":{"start":10.5,"end":10.779251700680271},"け":{"start":11.549999999999999,"end":11.84362811791383},"げ":{"start":12.599999999999998,"end":12.86034013605442},"こ":{"start":13.649999999999999,"end":13.898367346938775},"ご":{"start":14.7,"end":14.951292517006802},"さ":{"start":15.75,"end":16.095396825396826},"ざ":{"start":16.8,"end":17.129591836734694},"し":{"start":17.85,"end":18.336643990929705},"じ":{"start":18.9,"end":19.193492063492062},"す":{"start":19.95,"end":20.45},"ず":{"start":21,"end":21.372607709750568},"せ":{"start":22.05,"end":22.43},"ぜ":{"start":23.1,"end":23.431814058956917},"そ":{"start":24.150000000000002,"end":24.512335600907033},"ぞ":{"start":25.200000000000003,"end":25.477233560090706},"た":{"start":26.250000000000004,"end":26.53854875283447},"だ":{"start":27.3,"end":27.564625850340136},"ち":{"start":28.349999999999998,"end":28.705578231292513},"つ":{"start":29.399999999999995,"end":29.759047619047614},"て":{"start":30.449999999999996,"end":30.74569160997732},"で":{"start":31.499999999999996,"end":31.752154195011336},"と":{"start":32.55,"end":32.79052154195011},"ど":{"start":33.6,"end":33.850521541950116},"な":{"start":34.650000000000006,"end":34.94331065759638},"に":{"start":35.7,"end":36.00249433106576},"ぬ":{"start":36.75,"end":37.06433106575964},"ね":{"start":37.800000000000004,"end":38.089115646258506},"の":{"start":38.85,"end":39.11709750566894},"は":{"start":39.900000000000006,"end":40.25258503401361},"ば":{"start":40.95000000000001,"end":41.220702947845815},"ぱ":{"start":42.00000000000001,"end":42.28718820861679},"ひ":{"start":43.05000000000001,"end":43.43519274376418},"び":{"start":44.10000000000001,"end":44.34015873015874},"ぴ":{"start":45.15000000000001,"end":45.42591836734695},"ふ":{"start":46.20000000000002,"end":46.57643990929707},"ぶ":{"start":47.25000000000002,"end":47.52496598639458},"ぷ":{"start":48.30000000000002,"end":48.60752834467122},"へ":{"start":49.35000000000002,"end":49.64208616780048},"べ":{"start":50.40000000000003,"end":50.679795918367375},"ぺ":{"start":51.45000000000003,"end":51.7398412698413},"ほ":{"start":52.50000000000003,"end":52.76959183673472},"ぼ":{"start":53.550000000000026,"end":53.79151927437644},"ぽ":{"start":54.60000000000002,"end":54.861768707483016},"ま":{"start":55.65000000000002,"end":55.954761904761924},"み":{"start":56.70000000000002,"end":56.93675736961453},"む":{"start":57.75000000000002,"end":58.03512471655331},"め":{"start":58.800000000000026,"end":59.06251700680275},"も":{"start":59.85000000000003,"end":60.11471655328801},"や":{"start":60.900000000000034,"end":61.19061224489799},"ゆ":{"start":61.95000000000003,"end":62.20206349206352},"よ":{"start":63.00000000000003,"end":63.24555555555558},"ら":{"start":64.05000000000003,"end":64.33873015873019},"り":{"start":65.10000000000002,"end":65.4015419501134},"る":{"start":66.15000000000002,"end":66.49006802721091},"れ":{"start":67.20000000000003,"end":67.52759637188211},"ろ":{"start":68.25000000000003,"end":68.52253968253972},"わ":{"start":69.30000000000004,"end":69.63034013605446},"ん":{"start":70.35000000000004,"end":70.68027210884357},"きゃ":{"start":71.40000000000003,"end":71.66879818594107},"きゅ":{"start":72.45000000000003,"end":72.75489795918371},"きょ":{"start":73.50000000000003,"end":73.7620181405896},"ぎゃ":{"start":74.55000000000004,"end":74.84024943310662},"ぎゅ":{"start":75.60000000000005,"end":75.884149659864},"ぎょ":{"start":76.65000000000005,"end":76.93777777777782},"しゃ":{"start":77.70000000000005,"end":78.10394557823133},"しゅ":{"start":78.75000000000004,"end":79.16281179138326},"しょ":{"start":79.80000000000004,"end":80.16199546485265},"じゃ":{"start":80.85000000000004,"end":81.1361904761905},"じゅ":{"start":81.90000000000003,"end":82.17122448979595},"じょ":{"start":82.95000000000003,"end":83.27997732426307},"ちゃ":{"start":84.00000000000003,"end":84.34383219954651},"ちゅ":{"start":85.05000000000003,"end":85.55000000000003},"ちょ":{"start":86.10000000000002,"end":86.48229024943313},"にゃ":{"start":87.15000000000003,"end":87.4566666666667},"にゅ":{"start":88.20000000000005,"end":88.48804988662135},"にょ":{"start":89.25000000000004,"end":89.5893197278912},"ひゃ":{"start":90.30000000000004,"end":90.61804988662135},"ひゅ":{"start":91.35000000000004,"end":91.67215419501137},"ひょ":{"start":92.40000000000003,"end":92.70882086167803},"びゃ":{"start":93.45000000000003,"end":93.6808390022676},"びゅ":{"start":94.50000000000003,"end":94.76346938775514},"びょ":{"start":95.55000000000004,"end":95.79115646258508},"ぴゃ":{"start":96.60000000000005,"end":96.84000000000005},"ぴゅ":{"start":97.65000000000005,"end":97.92995464852612},"ぴょ":{"start":98.70000000000005,"end":98.96142857142861},"みゃ":{"start":99.75000000000004,"end":100.03287981859415},"みゅ":{"start":100.80000000000005,"end":101.07657596371888},"みょ":{"start":101.85000000000007,"end":102.1246258503402},"りゃ":{"start":102.90000000000006,"end":103.19482993197285},"りゅ":{"start":103.95000000000006,"end":104.2063265306123},"りょ":{"start":105.00000000000006,"end":105.25566893424042}}