{
  "resources": [
    "noda.wav"
  ],
  "spritemap": {
    "あ": {
      "start": 0,
      "end": 0.2199546485260771,
      "loop": false
    },
    "い": {
      "start": 1.05,
      "end": 1.3182766439909297,
      "loop": false
    },
    "う": {
      "start": 2.1,
      "end": 2.3948979591836737,
      "loop": false
    },
    "え": {
      "start": 3.1500000000000004,
      "end": 3.3975963718820865,
      "loop": false
    },
    "お": {
      "start": 4.2,
      "end": 4.435170068027211,
      "loop": false
    },
    "か": {
      "start": 5.25,
      "end": 5.5357369614512475,
      "loop": false
    },
    "が": {
      "start": 6.300000000000001,
      "end": 6.574512471655329,
      "loop": false
    },
    "き": {
      "start": 7.3500000000000005,
      "end": 7.638979591836735,
      "loop": false
    },
    "ぎ": {
      "start": 8.4,
      "end": 8.643945578231293,
      "loop": false
    },
    "く": {
      "start": 9.45,
      "end": 9.753945578231292,
      "loop": false
    },
    "ぐ": {
      "start": 10.5,
      "end": 10.821972789115646,
      "loop": false
    },
    "け": {
      "start": 11.55,
      "end": 11.834444444444445,
      "loop": false
    },
    "げ": {
      "start": 12.600000000000001,
      "end": 12.88326530612245,
      "loop": false
    },
    "こ": {
      "start": 13.65,
      "end": 13.990566893424036,
      "loop": false
    },
    "ご": {
      "start": 14.7,
      "end": 14.951315192743763,
      "loop": false
    },
    "さ": {
      "start": 15.75,
      "end": 16.09108843537415,
      "loop": false
    },
    "ざ": {
      "start": 16.8,
      "end": 17.116462585034014,
      "loop": false
    },
    "し": {
      "start": 17.85,
      "end": 18.178049886621316,
      "loop": false
    },
    "じ": {
      "start": 18.900000000000002,
      "end": 19.194331065759638,
      "loop": false
    },
    "す": {
      "start": 19.95,
      "end": 20.286916099773244,
      "loop": false
    },
    "ず": {
      "start": 21,
      "end": 21.347278911564626,
      "loop": false
    },
    "せ": {
      "start": 22.05,
      "end": 22.353083900226757,
      "loop": false
    },
    "ぜ": {
      "start": 23.1,
      "end": 23.42746031746032,
      "loop": false
    },
    "そ": {
      "start": 24.150000000000002,
      "end": 24.42104308390023,
      "loop": false
    },
    "ぞ": {
      "start": 25.200000000000003,
      "end": 25.515646258503406,
      "loop": false
    },
    "た": {
      "start": 26.250000000000004,
      "end": 26.486439909297054,
      "loop": false
    },
    "だ": {
      "start": 27.3,
      "end": 27.591337868480725,
      "loop": false
    },
    "ち": {
      "start": 28.349999999999998,
      "end": 28.61174603174603,
      "loop": false
    },
    "つ": {
      "start": 29.4,
      "end": 29.67954648526077,
      "loop": false
    },
    "て": {
      "start": 30.45,
      "end": 30.670589569160995,
      "loop": false
    },
    "で": {
      "start": 31.499999999999996,
      "end": 31.820816326530608,
      "loop": false
    },
    "と": {
      "start": 32.55,
      "end": 32.76827664399093,
      "loop": false
    },
    "ど": {
      "start": 33.6,
      "end": 33.86952380952381,
      "loop": false
    },
    "な": {
      "start": 34.650000000000006,
      "end": 34.9495918367347,
      "loop": false
    },
    "に": {
      "start": 35.7,
      "end": 35.9975283446712,
      "loop": false
    },
    "ぬ": {
      "start": 36.75,
      "end": 37.10480725623583,
      "loop": false
    },
    "ね": {
      "start": 37.800000000000004,
      "end": 38.16673469387756,
      "loop": false
    },
    "の": {
      "start": 38.85000000000001,
      "end": 39.09514739229026,
      "loop": false
    },
    "は": {
      "start": 39.900000000000006,
      "end": 40.14224489795919,
      "loop": false
    },
    "ば": {
      "start": 40.95,
      "end": 41.23505668934241,
      "loop": false
    },
    "ぱ": {
      "start": 42.00000000000001,
      "end": 42.24269841269842,
      "loop": false
    },
    "ひ": {
      "start": 43.050000000000004,
      "end": 43.410748299319735,
      "loop": false
    },
    "び": {
      "start": 44.10000000000001,
      "end": 44.42009070294785,
      "loop": false
    },
    "ぴ": {
      "start": 45.150000000000006,
      "end": 45.83750566893425,
      "loop": false
    },
    "ふ": {
      "start": 46.20000000000001,
      "end": 46.50392290249434,
      "loop": false
    },
    "ぶ": {
      "start": 47.25000000000001,
      "end": 47.558503401360554,
      "loop": false
    },
    "ぷ": {
      "start": 48.30000000000001,
      "end": 48.57820861678006,
      "loop": false
    },
    "へ": {
      "start": 49.350000000000016,
      "end": 49.58873015873017,
      "loop": false
    },
    "べ": {
      "start": 50.40000000000001,
      "end": 50.67913832199548,
      "loop": false
    },
    "ぺ": {
      "start": 51.45000000000002,
      "end": 51.69573696145127,
      "loop": false
    },
    "ほ": {
      "start": 52.50000000000002,
      "end": 52.73539682539685,
      "loop": false
    },
    "ぼ": {
      "start": 53.550000000000026,
      "end": 53.82299319727894,
      "loop": false
    },
    "ぽ": {
      "start": 54.60000000000003,
      "end": 54.802721088435405,
      "loop": false
    },
    "ま": {
      "start": 55.650000000000034,
      "end": 55.909274376417265,
      "loop": false
    },
    "み": {
      "start": 56.70000000000003,
      "end": 57.00299319727894,
      "loop": false
    },
    "む": {
      "start": 57.75000000000003,
      "end": 58.05956916099776,
      "loop": false
    },
    "め": {
      "start": 58.800000000000026,
      "end": 59.07573696145127,
      "loop": false
    },
    "も": {
      "start": 59.85000000000002,
      "end": 60.09664399092973,
      "loop": false
    },
    "や": {
      "start": 60.90000000000002,
      "end": 61.24106575963721,
      "loop": false
    },
    "ゆ": {
      "start": 61.950000000000024,
      "end": 62.25977324263041,
      "loop": false
    },
    "よ": {
      "start": 63.00000000000002,
      "end": 63.24841269841272,
      "loop": false
    },
    "ら": {
      "start": 64.05000000000003,
      "end": 64.33489795918369,
      "loop": false
    },
    "り": {
      "start": 65.10000000000002,
      "end": 65.36573696145128,
      "loop": false
    },
    "る": {
      "start": 66.15000000000003,
      "end": 66.47417233560094,
      "loop": false
    },
    "れ": {
      "start": 67.20000000000003,
      "end": 67.47494331065762,
      "loop": false
    },
    "ろ": {
      "start": 68.25000000000003,
      "end": 68.51920634920637,
      "loop": false
    },
    "わ": {
      "start": 69.30000000000003,
      "end": 69.61120181405899,
      "loop": false
    },
    "ん": {
      "start": 70.35000000000002,
      "end": 70.81251700680275,
      "loop": false
    },
    "きゃ": {
      "start": 71.40000000000003,
      "end": 71.71086167800456,
      "loop": false
    },
    "きゅ": {
      "start": 72.45000000000003,
      "end": 72.78258503401364,
      "loop": false
    },
    "きょ": {
      "start": 73.50000000000003,
      "end": 73.78018140589572,
      "loop": false
    },
    "ぎゃ": {
      "start": 74.55000000000003,
      "end": 74.84321995464855,
      "loop": false
    },
    "ぎゅ": {
      "start": 75.60000000000002,
      "end": 75.96877551020411,
      "loop": false
    },
    "ぎょ": {
      "start": 76.65000000000003,
      "end": 76.94594104308393,
      "loop": false
    },
    "しゃ": {
      "start": 77.70000000000003,
      "end": 78.03532879818597,
      "loop": false
    },
    "しゅ": {
      "start": 78.75000000000003,
      "end": 79.15385487528347,
      "loop": false
    },
    "しょ": {
      "start": 79.80000000000003,
      "end": 80.12412698412702,
      "loop": false
    },
    "じゃ": {
      "start": 80.85000000000004,
      "end": 81.14104308390026,
      "loop": false
    },
    "じゅ": {
      "start": 81.90000000000003,
      "end": 82.17265306122452,
      "loop": false
    },