{
  "resources": [
    "result.wav"
  ],
  "spritemap": {
    "あ": {
      "start": 0,
      "end": 0.24834467120181405,
      "loop": false
    },
    "い": {
      "start": 1.1,
      "end": 1.6015419501133787,
      "loop": false
    },
    "う": {
      "start": 2.2,
      "end": 2.490589569160998,
      "loop": false
    },
    "え": {
      "start": 3.3000000000000003,
      "end": 3.5377551020408164,
      "loop": false
    },
    "お": {
      "start": 4.4,
      "end": 4.595668934240363,
      "loop": false
    },
    "か": {
      "start": 5.5,
      "end": 5.749410430839002,
      "loop": false
    },
    "が": {
      "start": 6.6,
      "end": 6.893764172335601,
      "loop": false
    },
    "き": {
      "start": 7.7,
      "end": 8.110839002267573,
      "loop": false
    },
    "ぎ": {
      "start": 8.799999999999999,
      "end": 9.21877551020408,
      "loop": false
    },
    "く": {
      "start": 9.899999999999999,
      "end": 10.224172335600906,
      "loop": false
    },
    "ぐ": {
      "start": 11,
      "end": 11.472448979591837,
      "loop": false
    },
    "け": {
      "start": 12.1,
      "end": 12.389455782312925,
      "loop": false
    },
    "げ": {
      "start": 13.200000000000001,
      "end": 13.51514739229025,
      "loop": false
    },
    "こ": {
      "start": 14.3,
      "end": 14.57374149659864,
      "loop": false
    },
    "ご": {
      "start": 15.4,
      "end": 15.684965986394559,
      "loop": false
    },
    "さ": {
      "start": 16.5,
      "end": 16.83548752834467,
      "loop": false
    },
    "ざ": {
      "start": 17.6,
      "end": 17.879183673469388,
      "loop": false
    },
    "し": {
      "start": 18.7,
      "end": 19.140272108843536,
      "loop": false
    },
    "じ": {
      "start": 19.799999999999997,
      "end": 20.249999999999996,
      "loop": false
    },
    "す": {
      "start": 20.899999999999995,
      "end": 21.425011337868476,
      "loop": false
    },
    "ず": {
      "start": 21.999999999999996,
      "end": 22.31192743764172,
      "loop": false
    },
    "せ": {
      "start": 23.099999999999998,
      "end": 23.502335600907028,
      "loop": false
    },
    "ぜ": {
      "start": 24.2,
      "end": 24.481043083900225,
      "loop": false
    },
    "そ": {
      "start": 25.299999999999997,
      "end": 25.685918367346936,
      "loop": false
    },
    "ぞ": {
      "start": 26.4,
      "end": 26.665850340136053,
      "loop": false
    },
    "た": {
      "start": 27.5,
      "end": 27.710022675736962,
      "loop": false
    },
    "だ": {
      "start": 28.6,
      "end": 28.83902494331066,
      "loop": false
    },
    "ち": {
      "start": 29.7,
      "end": 30.097460317460317,
      "loop": false
    },
    "ぢ": {
      "start": 30.8,
      "end": 31.34215419501134,
      "loop": false
    },
    "つ": {
      "start": 31.900000000000002,
      "end": 32.30419501133787,
      "loop": false
    },
    "づ": {
      "start": 33,
      "end": 33.53399092970522,
      "loop": false
    },
    "て": {
      "start": 34.1,
      "end": 34.36535147392291,
      "loop": false
    },
    "で": {
      "start": 35.2,
      "end": 35.51056689342404,
      "loop": false
    },
    "と": {
      "start": 36.300000000000004,
      "end": 36.54802721088436,
      "loop": false
    },
    "ど": {
      "start": 37.400000000000006,
      "end": 37.677006802721095,
      "loop": false
    },
    "な": {
      "start": 38.50000000000001,
      "end": 39.00000000000001,
      "loop": false
    },
    "に": {
      "start": 39.60000000000001,
      "end": 40.00000000000001,
      "loop": false
    },
    "ぬ": {
      "start": 40.70000000000001,
      "end": 41.225555555555566,
      "loop": false
    },
    "ね": {
      "start": 41.80000000000001,
      "end": 42.30000000000001,
      "loop": false
    },
    "の": {
      "start": 42.90000000000001,
      "end": 43.475011337868494,
      "loop": false
    },
    "は": {
      "start": 44.000000000000014,
      "end": 44.59505668934242,
      "loop": false
    },
    "ば": {
      "start": 45.100000000000016,
      "end": 45.35984126984128,
      "loop": false
    },
    "ぱ": {
      "start": 46.20000000000001,
      "end": 46.42748299319729,
      "loop": false
    },
    "ひ": {
      "start": 47.30000000000001,
      "end": 47.92501133786849,
      "loop": false
    },
    "び": {
      "start": 48.40000000000001,
      "end": 48.86875283446713,
      "loop": false
    },
    "ぴ": {
      "start": 49.50000000000001,
      "end": 49.78301587301588,
      "loop": false
    },
    "ふ": {
      "start": 50.6,
      "end": 51.15,
      "loop": false
    },
    "ぶ": {
      "start": 51.699999999999996,
      "end": 52.02501133786848,
      "loop": false
    },
    "ぷ": {
      "start": 52.8,
      "end": 53.12988662131519,
      "loop": false
    },
    "へ": {
      "start": 53.89999999999999,
      "end": 54.628820861677994,
      "loop": false
    },
    "べ": {
      "start": 54.99999999999999,
      "end": 55.31854875283446,
      "loop": false
    },
    "ぺ": {
      "start": 56.099999999999994,
      "end": 56.52172335600906,
      "loop": false
    },
    "ほ": {
      "start": 57.19999999999999,
      "end": 57.57183673469387,
      "loop": false
    },
    "ぼ": {
      "start": 58.29999999999999,
      "end": 58.562471655328785,
      "loop": false
    },
    "ぽ": {
      "start": 59.399999999999984,
      "end": 59.63503401360543,
      "loop": false
    },
    "ま": {
      "start": 60.499999999999986,
      "end": 60.84752834467119,
      "loop": false
    },
    "み": {
      "start": 61.59999999999999,
      "end": 61.999999999999986,
      "loop": false
    },
    "む": {
      "start": 62.69999999999999,
      "end": 63.39999999999999,
      "loop": false
    },
    "め": {
      "start": 63.79999999999999,
      "end": 64.32501133786847,
      "loop": false
    },
    "も": {
      "start": 64.89999999999999,
      "end": 65.35,
      "loop": false
    },
    "や": {
      "start": 66,
      "end": 66.36798185941043,
      "loop": false
    },
    "ゆ": {
      "start": 67.10000000000001,
      "end": 67.67360544217688,
      "loop": false
    },
    "よ": {
      "start": 68.2,
      "end": 68.65410430839003,
      "loop": false
    },
    "ら": {
      "start": 69.30000000000001,
      "end": 69.65591836734696,
      "loop": false
    },
    "り": {
      "start": 70.40000000000002,
      "end": 71.0250113378685,
      "loop": false
    },
    "る": {
      "start": 71.50000000000003,
      "end": 72.00000000000003,
      "loop": false
    },
    "れ": {
      "start": 72.60000000000002,
      "end": 73.15000000000002,
      "loop": false
    },
    "ろ": {
      "start": 73.70000000000002,
      "end": 74.0750113378685,
      "loop": false
    },
    "わ": {
      "start": 74.80000000000003,
      "end": 75.10705215419503,
      "loop": false
    },
    "を": {
      "start": 75.90000000000002,
      "end": 76.20546485260773,
      "loop": false
    },
    "ん": {
      "start": 77.00000000000003,
      "end": 77.73278911564628,
      "loop": false
    }
  }
}